community_id,sub_community_id,community_report,community_report_embedding
0,0,"根据你提供的信息，以下是一个可能的社区报告：

慈禧太后，全名叶赫那拉氏，是清朝晚期的重要政治人物。她是醇贤亲王奕讠瞏的儿媳妇，光绪皇帝的姨母，清朝的第十代皇帝宣统的养母。慈禧太后在 1861 年发动了辛酉政变，开始了长达 47 年的垂帘听政生涯。她在政治上采取了一系列措施，包括镇压太平天国运动、洋务运动、戊戌变法等，对中国的政治、经济、文化等方面产生了深远的影响。

光绪皇帝，全名爱新觉罗·载湉，是清朝的第十一代皇帝。他是醇贤亲王奕讠瞏的儿子，慈禧太后的亲生子，清朝的第十代皇帝宣统的堂兄弟。光绪皇帝在位期间，曾经试图进行改革，推行“戊戌变法”，但遭到了慈禧太后的反对，最终失败。他在 1908 年去世，享年 38 岁。

宣统皇帝，全名爱新觉罗·溥仪，是清朝的第十代，也是最末一代的皇帝。他在三岁那年的旧历十月二十日被慈禧太后和光绪皇帝立为嗣皇帝，承继同治，兼祧光绪。宣统皇帝在位期间，清朝已经处于风雨飘摇之中，他在 1912 年被迫退位，结束了清朝的统治。他在 1967 年去世，享年 61 岁。

从以上信息可以看出，慈禧太后、光绪皇帝和宣统皇帝之间存在着密切的关系。慈禧太后是光绪皇帝的姨母和宣统皇帝的养母，光绪皇帝是慈禧太后的亲生子和宣统皇帝的堂兄弟。他们在中国的历史上都扮演了重要的角色，对中国的政治、经济、文化等方面产生了深远的影响。","[0.03779265284538269, -0.005052211228758097, -0.03184361755847931, -0.026036875322461128, 0.039255451411008835, -0.05728473141789436, -0.017849575728178024, 0.06964753568172455, 0.09001168608665466, -0.01772964373230934, 0.05353453755378723, 0.03777723386883736, -0.02550426311790943, 0.0110691012814641, -0.0650530606508255, 0.02107618749141693, -0.017552468925714493, 0.03710154816508293, -0.007043339777737856, -0.024558262899518013, 0.03411931172013283, -0.011505340225994587, -0.035012125968933105, -0.048301730304956436, -0.024261588230729103, -0.028174592182040215, -0.015745509415864944, -0.03926082327961922, -0.01861707493662834, -0.03508283570408821, 0.006923522800207138, 0.00221765274181962, -0.025343578308820724, -0.028830962255597115, -0.011857506819069386, 0.033583804965019226, 0.03528856858611107, 0.010952286422252655, -0.021109657362103462, 0.024364661425352097, -0.025547539815306664, 0.017734134569764137, -0.00465094018727541, -0.03696666657924652, -0.008821431547403336, 0.011384577490389347, 0.0319380983710289, 0.021275561302900314, -0.024652402848005295, 0.035754501819610596, 0.04501303657889366, 0.01036018691956997, 0.008777868933975697, -0.0001770196104189381, -0.0017190147191286087, 0.05296282097697258, -0.0472838394343853, 0.011734248138964176, -0.027923956513404846, 0.037175796926021576, -0.035598017275333405, -0.027019353583455086, 0.02145649865269661, -0.019312003627419472, -0.02121906727552414, 0.03201800957322121, 0.04626883938908577, 0.00898519903421402, -0.03606078773736954, 0.03729449585080147, -0.026748353615403175, 0.02127571776509285, -0.0029398263432085514, 0.006124778185039759, -0.009123899042606354, 0.014705774374306202, 0.06546708196401596, -0.0055962554179131985, 0.031848084181547165, -0.004878065548837185, 0.06846324354410172, -0.02527708001434803, 0.01582510396838188, -0.019219350069761276, 0.015917565673589706, 0.05224541947245598, 0.019910195842385292, 0.041879888623952866, 0.02585039660334587, 0.04148540273308754, 0.012545878998935223, 0.043767474591732025, 0.005652762483805418, 0.009198720566928387, 0.00021825732255820185, 0.0014747463865205646, 0.019975563511252403, 0.030307751148939133, -0.023949172347784042, 0.002806479576975107, -0.006575968116521835, -0.0300804041326046, 0.011905593797564507, -0.04604141786694527, -0.03500700742006302, -0.004886901006102562, 0.002055188873782754, 0.039317041635513306, 0.021141964942216873, 0.026153109967708588, 0.0373864583671093, 0.03087548166513443, 0.009211664088070393, -0.047788407653570175, -0.0749845802783966, -0.0007826286018826067, 0.02652948722243309, -0.010042471811175346, -0.03836899623274803, 0.024255380034446716, 0.02246919646859169, -0.0007836754084564745, -0.009760512039065361, -0.062124211341142654, 0.02031826227903366, 0.010720781981945038, -0.01518124807626009, 0.002518082968890667, -0.009471182711422443, 0.025644708424806595, 0.032529644668102264, 0.016003036871552467, -0.025748930871486664, -0.017110824584960938, -0.025984598323702812, -0.02117575705051422, -0.03415675461292267, 0.005777301266789436, -0.012620793655514717, -0.0077321818098425865, 0.0022406079806387424, 0.02771143987774849, 0.048998743295669556, -0.039455730468034744, -0.01041644997894764, -0.0542423240840435, -0.03293671831488609, 0.02358524687588215, -0.005656213033944368, -0.00248252903111279, 0.01625165529549122, -0.029727669432759285, 0.016193345189094543, 0.010994232259690762, 0.028309352695941925, -0.04878702759742737, 0.021546879783272743, 0.025987358763813972, 0.021116994321346283, 4.3067535443697125e-05, -0.022934671491384506, -0.04268455505371094, -0.002860123524442315, -0.017664900049567223, -0.0046577756293118, -0.014014942571520805, 0.019308868795633316, 0.005859066266566515, 0.005992813501507044, -0.003552090609446168, -0.024465877562761307, -0.07181558012962341, 0.04860115051269531, -0.03886965289711952, -0.029835866764187813, 0.010055760852992535, -0.007701600901782513, 0.02325478568673134, 0.023950213566422462, -0.011707998812198639, -0.004961599130183458, 0.026419511064887047, 0.06323540955781937, 0.018640486523509026, -0.02488994225859642, 0.02435174770653248, 0.0032975771464407444, 0.017789114266633987, 0.0042720213532447815, 0.02960391528904438, 0.02219129540026188, -0.014800184406340122, -0.03214506804943085, 0.035556722432374954, -0.044073887169361115, 0.06354109942913055, 0.018839864060282707, 0.021777167916297913, -0.00580908078700304, -0.028087912127375603, -0.024985237047076225, 0.0028161967638880014, -0.06696435064077377, 0.03657309710979462, 0.017603518441319466, -0.023277046158909798, -0.037639740854501724, -0.040823936462402344, 0.03182229772210121, -0.04820290952920914, -0.03864552453160286, -0.013414371758699417, 0.015057788230478764, -0.002205868950113654, -0.011460143141448498, -0.0343143530189991, -0.03512754663825035, -0.013171450234949589, 0.011597556062042713, 0.009116537868976593, 0.003732299664989114, 0.05298218876123428, 0.01287560909986496, 0.01919599249958992, 0.01225571520626545, 0.02950352430343628, 0.013225916773080826, 0.0058050197549164295, 0.018247414380311966, 0.03112081252038479, -0.006052231881767511, 0.04428950324654579, -0.04902707412838936, -0.022343287244439125, 0.014957278035581112, -0.0032384912483394146, -0.04769260808825493, -0.002715016482397914, 0.046319976449012756, 0.015324505046010017, -0.06473413854837418, -0.006744156125932932, 0.008364049717783928, -0.018441885709762573, -0.023911694064736366, -0.004965487401932478, 0.024061022326350212, -0.006393671967089176, 0.02265562303364277, -0.022148191928863525, 0.047770872712135315, 0.03153735026717186, -0.026948897168040276, -0.015739794820547104, 0.05358334630727768, 0.007835081778466702, 0.016139835119247437, -0.003386853961274028, -0.01550259254872799, -0.014275636523962021, 0.0207113865762949, -0.002479050075635314, -0.02945755049586296, 0.019106591120362282, 0.0014249065425246954, 0.00436725839972496, -0.00507606565952301, 0.025698740035295486, -0.03202540799975395, -0.059193920344114304, -0.02526296302676201, -0.033341869711875916, -0.038263335824012756, -0.025632234290242195, 0.005257862154394388, -0.0062925503589212894, -0.053126320242881775, -0.023649586364626884, -0.011615290306508541, 0.0021752375178039074, 0.01392427645623684, -0.029346823692321777, 0.017651712521910667, -0.04312457516789436, 0.004943190608173609, -0.05900026485323906, 0.01562938094139099, -0.025089381262660027, 0.00885964184999466, 0.009361584670841694, 0.02314498834311962, -0.006940161809325218, 0.09029038995504379, 0.01352398470044136, -0.020070480182766914, 0.04240197688341141, -0.03370743989944458, -0.09771660715341568, -0.05623338371515274, 0.006790778134018183, -0.01650974713265896, -0.06479235738515854, 0.03830084577202797, 0.03838153928518295, -0.052989158779382706, -0.016868025064468384, -0.0020226766355335712, -0.021097660064697266, -0.06918318569660187, 0.04151218757033348, 0.050381459295749664, 0.044173628091812134, -0.011971401050686836, -0.022212740033864975, -0.006972148083150387, -0.02895968407392502, -0.04383110627532005, 0.028898892924189568, -0.04440101981163025, 0.031300511211156845, -0.010248866863548756, -0.06407161802053452, -0.03975404426455498, 0.01705222763121128, 0.06426752358675003, 0.005372148007154465, 0.026195870712399483, -0.03468121588230133, 0.012182236649096012, -0.02086627297103405, 0.01978367567062378, -0.02813039720058441, -0.0387096181511879, 0.029581446200609207, -0.007559563964605331, 0.03384128585457802, -0.03649160638451576, 0.025283312425017357, 0.057580169290304184, -0.003948133438825607, 0.02067331038415432, -0.029504388570785522, -0.01952931098639965, -0.011091278865933418, -0.012030390091240406, 0.004207588732242584, 0.017796747386455536, -0.028992248699069023, 0.04954833537340164, 0.01049849670380354, -0.011865288950502872, 0.010953783988952637, 0.022967316210269928, 0.013086182996630669, 0.0024751448072493076, 0.052092138677835464, 0.026236053556203842, -0.028176015242934227, 0.020521720871329308, -0.01512615941464901, 0.0344342365860939, -0.015349863097071648, 0.05865214392542839, -0.02963133342564106, -0.0020250461529940367, -0.020690735429525375, 0.01242358610033989, -0.03125138580799103, -0.05831952020525932, -0.031883154064416885, 0.02358264848589897, 0.00023480408708564937, -0.004318647552281618, 0.008811081759631634, -0.010321112349629402, -0.018206899985671043, -0.07611490041017532, -0.026747431606054306, 0.032649729400873184, 0.0010194546775892377, -0.030272753909230232, -0.036255769431591034, -0.0008992042858153582, -0.028760774061083794, -0.017831450328230858, -0.014446196146309376, 0.20641636848449707, 0.018744157627224922, 0.05304722860455513, -0.07696738094091415, -0.022177817299962044, 0.023469895124435425, 0.013350531458854675, 0.011437725275754929, 0.011753375642001629, 0.0407964289188385, -0.038503315299749374, 0.007330740336328745, 0.00876680202782154, -0.0030305287800729275, 0.0328294038772583, 0.04994328320026398, 0.028941061347723007, 0.01924106664955616, 0.017747612670063972, 0.01947011798620224, 0.056547392159700394, -0.04720538854598999, 0.000700285832863301, -0.003943163435906172, -0.03092709556221962, -0.0184518713504076, -0.0030851298943161964, 0.04926515743136406, -0.01114774402230978, 0.01846161298453808, -0.010903332382440567, 0.017842164263129234, -0.01768423058092594, 0.003788105910643935, 0.023638702929019928, 0.027056869119405746, 0.004001152701675892, -0.0011379813076928258, 0.028759630396962166, -0.03266938775777817, -0.019566774368286133, -0.027559155598282814, -0.007979042828083038, -0.016362560912966728, -0.01862158440053463, 0.02132335491478443, 0.03165452927350998, 0.008734242990612984, -0.011590784415602684, 0.03693529963493347, -1.9781686205533333e-05, 0.02623119205236435, -0.006010971497744322, -0.038368966430425644, -0.038586411625146866, -0.04310702160000801, -0.031762052327394485, -0.04879450798034668, -0.015587166883051395, 0.019590197131037712, 0.059153806418180466, -0.0026343874633312225, -0.002087377244606614, -0.0170429777354002, 0.04199713468551636, 0.03440425172448158, 0.025819383561611176, -0.059983834624290466, -0.054488349705934525, -0.002621669555082917, -0.06960293650627136, -0.03301520645618439, -0.03972359001636505, 0.03714398294687271, 0.011990373022854328, -0.00503078056499362, -0.03975571319460869, 0.039009593427181244, 0.04227663204073906, -0.013047916814684868, 0.004835637751966715, -0.02420448698103428, -0.03825267031788826, 0.01902957074344158, 0.047298550605773926, 0.017775051295757294, 0.031102323904633522, 0.024250460788607597, -0.06249801814556122, 0.03565872460603714, 0.0025554951280355453, 0.022750547155737877, -0.03634316474199295, 0.0260203517973423, 0.01861690543591976, -0.05507446452975273, 0.021377582103013992, 0.02326340414583683, -0.030763359740376472, -0.022303715348243713, -0.03242648020386696, -0.023995988070964813, -0.035984985530376434, 0.017287645488977432, 0.02163795940577984, -0.04989726468920708, 0.004233037121593952, 0.01146862842142582, 0.013133143074810505, 0.02237730100750923, 0.03086499311029911, 0.0013712381478399038, 0.0400872565805912, -0.016668714582920074, 0.03959439694881439, 0.02064168080687523, 0.008106762543320656, -0.03747287392616272, 0.023908786475658417, 0.020388280972838402, -0.014901737682521343, 0.018114715814590454, -0.047722648829221725, 0.06193914636969566, -0.022983744740486145, 0.07667344063520432, -0.038575027137994766, -0.02707654796540737, 0.038034453988075256, 0.009296578355133533, 0.0034537329338490963, -0.026685576885938644, -0.04035128280520439, 0.04509751871228218, 0.011553804390132427, -0.03166460990905762, 0.05618802085518837, -0.030735043808817863, -0.03263052552938461, 0.02667534351348877, -0.014551823027431965, 0.02285466343164444, -0.058564137667417526, 0.03872937709093094, 0.014425459317862988, 0.022602926939725876, -0.04533179849386215, -0.01154692005366087, -0.0108347088098526, -0.0056786066852509975, -0.017812566831707954, -0.044236715883016586, 0.009098086506128311, 0.01960107497870922, -0.025721054524183273, -0.014926704578101635, 0.03458636626601219, 0.012134362012147903, 0.06648577749729156, -0.026291217654943466, -0.02709757722914219, -0.04386099800467491, 0.009664996527135372, 0.10187181085348129, 0.06576117873191833, 0.0718749612569809, -0.017160605639219284, 0.019027315080165863, 0.03687461465597153, 0.0099257193505764, -0.05555453896522522, -0.030840355902910233, 0.026348385959863663, 0.014333585277199745, 0.020799605175852776, -0.013490898534655571, -0.012854908592998981, 0.03492150083184242, -0.019643887877464294, 0.007899823598563671, -0.01043839193880558, 0.01783112809062004, 0.054137878119945526, -0.024276232346892357, -0.022387821227312088, 0.033955227583646774, -0.010450959205627441, -0.0408417209982872, -0.02981291525065899, 0.01876293681561947, -0.0140919778496027, 0.11779329925775528, -0.030637003481388092, -0.02077331580221653, -0.025092490017414093, -0.01872129552066326, 0.06263301521539688, 0.024860190227627754, -0.0037978750187903643, -0.020211415365338326, -0.03453316539525986, -0.024341002106666565, -0.0006361829582601786, 0.00017896454664878547, -0.026723328977823257, -0.021317750215530396, 0.01143938209861517, -8.795285248197615e-05, 0.007561895530670881, 0.0038387374952435493, 0.0010911207646131516, -0.05262850597500801, 0.016769833862781525, -0.00980730727314949, 0.03912514075636864, 0.021177617833018303, 0.0354403480887413, 0.04839840158820152, -0.022711463272571564, -0.03139234334230423, 0.0393943153321743, 0.013658723793923855, 0.020973412320017815, -0.026823243126273155, -0.03072446584701538, -0.04370993748307228, 0.016442572697997093, 0.018284648656845093, -0.026931345462799072, -0.04018126428127289, 0.0066866278648376465, 0.0011126723838970065, -0.018997855484485626, -0.021344153210520744, -0.04389801248908043, -0.027713607996702194, 0.045776840299367905, 0.0032472095917910337, 0.0023135854862630367, -0.01843564212322235, 0.045752231031656265, -0.03238401561975479, 0.034396443516016006, -0.031185105443000793, -0.01909792795777321, 0.059685710817575455, -0.019513480365276337, 0.008242576383054256, 0.04463093355298042, 0.029441462829709053, 0.0216088704764843, -0.023853903636336327, 0.030555017292499542, 0.06172379478812218, -0.029002077877521515, -0.008134497329592705, -0.013117752969264984, -0.024949967861175537, -0.018494687974452972, -0.03976518660783768, -0.011035979725420475, 0.016660640016198158, -0.0262791458517313, 0.00550403818488121, -0.02010035701096058, 0.021124163642525673, 0.014600499533116817, -0.008708218112587929, 0.010220635682344437, -0.03808238357305527, 0.029872393235564232, -0.0031268144957721233, -0.016952434554696083, -0.05479041486978531, 0.0059157866053283215, 0.033549316227436066, -0.03296993672847748, -0.06446995586156845, -0.06826642900705338, -0.03791947290301323, -0.012391186319291592, 0.03797585517168045, 0.0246022567152977, 0.0067819333635270596, 0.009804727509617805, 0.031999606639146805, -0.013186214491724968, 0.01724283955991268, 0.0033126091584563255, -0.028650056570768356, -0.038008686155080795, 0.04228966683149338, -0.004012849647551775, 0.02352183498442173, -0.01861335150897503, -0.041835807263851166, -0.05714096873998642, -0.042286790907382965, -0.0021307971328496933, -0.009940524585545063, 0.01525061298161745, -0.016042983159422874, -0.06160447746515274, -0.032731860876083374, -0.01603996381163597, 0.015161064453423023, -0.02539782226085663, -0.04022321105003357, 0.025026844814419746, 0.03650934621691704, -0.030314095318317413, -0.04606909677386284, 0.00742845144122839, 0.02799731120467186, -0.0050009554252028465, -0.009967067278921604, 0.021528877317905426, 0.007492729928344488, -0.06141152232885361, 0.035070475190877914, -0.02236832119524479, -0.003478905651718378, -0.033108267933130264, -0.03450676426291466, 0.008245003409683704, -0.007253199815750122, 0.03452350199222565, 0.029613370075821877, 0.009082900360226631, 0.031447507441043854, 0.00232947850599885, -0.001025927485898137, -0.04040653631091118, -0.0347367525100708, -0.031752318143844604, 0.002097838558256626, -0.02357395738363266, -0.03817668557167053, -0.0175944771617651, -0.06658448278903961, -0.028229637071490288, 0.011704748496413231, 0.030062682926654816, -0.020290829241275787, 0.047019049525260925, -0.024694018065929413, 0.019812237471342087, 0.02816319465637207, -0.0324193574488163, 0.006358185317367315, -0.029438704252243042, 0.04511209949851036, -0.007364306598901749, -0.009110407903790474, -0.021743910387158394, 0.06769731640815735, -0.027084579691290855, 0.021139176562428474, 0.01612534187734127, -0.04761349782347679, -0.02129521034657955, 0.021215004846453667, 0.022138727828860283, -0.01746363379061222, 0.004441921599209309, 0.017126960679888725, -0.031168825924396515, 0.06367398053407669, -0.035644154995679855, 0.03006943129003048, -0.024011529982089996, 0.005884185433387756, -0.03059421293437481, 0.007173971273005009, -0.034592267125844955, 0.04302583634853363, -0.035000286996364594, -0.003957674838602543, -0.012902013957500458, 0.01399919856339693, -0.006365393288433552, -0.039950285106897354, -0.009399310685694218, 0.020361268892884254, -0.0012937986757606268, -0.032431308180093765, 0.025640448555350304, 0.030358394607901573, -0.003482238156720996, 0.014469937421381474, -0.004216879140585661, 0.048828065395355225, 0.0008346079266630113, -0.032177574932575226, -0.06743907183408737, 0.008744698017835617, -0.0003269303997512907, -0.013603361323475838, -0.06433113664388657, 0.003509620437398553, -0.0365823470056057, 0.025698786601424217, 0.017530769109725952, -0.0279295202344656, 0.008790155872702599, -0.01678619347512722, 0.04132651537656784, -0.007495429366827011, 0.005624216515570879, 0.013833405449986458, 0.05604349076747894, -0.020226625725626945, 0.006627714727073908, -0.011050532571971416, -0.01572844758629799, -0.019955895841121674, -0.006479954347014427, -0.002981077414005995, 0.02348499186336994, 0.050029024481773376, 0.05903765931725502, 0.038671061396598816, -0.025650879368185997, -0.05945432931184769, -0.019377630203962326, 0.010706900618970394, 0.006070142611861229, 0.03545331954956055, -0.0017236456042155623, 0.03165501356124878, -0.005758152808994055, 0.0022080368362367153, 0.01591048575937748, 0.032519757747650146, -0.04973655939102173, 0.016245806589722633, -0.03959576413035393, -0.01252052653580904, -0.01202217023819685, 0.03943513706326485, 0.01266922615468502, -0.04248723387718201, 0.021280119195580482, -0.04770315811038017, -0.017033185809850693, -0.026628464460372925, 0.04922641068696976, 0.053726136684417725, 0.028534136712551117, 0.050208207219839096, 0.0156682338565588, -0.02466282621026039, 0.017973659560084343, 0.052341122180223465, 0.009505104273557663, -0.010922905057668686, -0.017427384853363037, -0.01902143470942974, -0.03657611832022667, -0.024685857817530632, -0.048733681440353394, 0.005017326679080725, -0.022597661241889, 0.024698132649064064, 0.00755773251876235, -0.03753066062927246, 0.03873002529144287, 0.014674303121864796, 0.04012840613722801, -0.04390845075249672, -0.0016083794180303812, 0.006760937161743641, 0.03068036399781704, 0.00024132632825057954, -0.02305501326918602, -0.015329265035688877, 0.029730278998613358, 0.0032723501790314913, -0.01400704588741064, 0.016948562115430832, 0.004446900449693203, -0.030313529074192047, -0.03901556506752968, 0.013872367329895496, -0.03675948828458786, 0.011107126250863075, 0.013773458078503609, -0.06344343721866608, -0.0019439889583736658, -0.021771140396595, -0.03829801455140114, -0.0350433848798275, 0.026668256148695946, 0.012387855909764767, -0.06135021895170212, -0.021174266934394836, -0.008860278874635696, -0.023601563647389412, 0.00675628799945116, 0.031512416899204254, 0.04935453459620476, -0.025985509157180786, 0.04220566898584366, -0.05658486485481262, -0.017664417624473572, -0.018189512193202972, -0.0006925455527380109, -0.0002810526348184794, -0.05363115295767784, 0.014054973609745502, 0.006339110434055328, -0.006284678354859352, -0.042786601930856705, 8.493257155350875e-06, -0.047209933400154114, -0.03995533287525177, 0.030154554173350334, -0.015146225690841675, 0.006036306265741587, -0.017306268215179443, 0.03452540189027786, -0.029256543144583702, 0.005352400243282318, -0.023161225020885468, 0.03695060685276985, -0.04786575585603714, 0.0016042424831539392, 0.008131242357194424, -0.023917289450764656, -0.02500186115503311, 0.012024848721921444, 0.06809923052787781, 0.00918395072221756, 0.024698862805962563, -0.004945673979818821, -0.04662486910820007, 0.009231356903910637, 0.015882551670074463, -0.038229815661907196, 0.03510100767016411, -0.010386833921074867, -0.03447706624865532, -0.05049833655357361, -0.025505902245640755, -0.00984184630215168, 0.00249019218608737, -0.03492681682109833, 0.009826567023992538, 0.012013201601803303, 0.03153439611196518, 0.016407005488872528, 0.0276442002505064, 0.0402400940656662, 0.023778267204761505, 0.01914331316947937, -0.007411655969917774, -0.05957876145839691, 0.017898578196763992, -0.00586903328076005, -0.06653279066085815, 0.023259030655026436, 0.012885123491287231, -0.038159750401973724, -0.03458316996693611, 0.002664753934368491, 0.0474453829228878, -0.045500248670578, 0.04198973625898361, 0.027217542752623558, 0.01621534489095211, 0.058570630848407745, 0.01648324355483055, 0.03938816860318184, 0.028537962585687637, 0.012526690028607845, 0.013182872906327248, -0.004735620692372322, -0.011506232433021069, 0.016332626342773438, 0.06020589545369148, 0.043725430965423584, 0.012860547751188278, 0.0006135562434792519, 0.026250937953591347, -0.02484591118991375, 0.003816537093371153, -0.037067390978336334, 0.02302406169474125, 0.04732238128781319, -0.021023808047175407, -0.030003881081938744, -0.006166493054479361, -0.013569850474596024, -0.001264367951080203, -0.0020072488114237785, -0.02326219715178013, 0.016901152208447456, -0.010736147873103619, -0.007888841442763805, -0.03653024137020111, -0.004264777060598135, 0.006862935610115528, 0.010744939558207989, 0.015885984525084496, 0.06525060534477234, -0.04146290943026543, 0.03126150742173195, 0.014900063164532185, 0.0016217436641454697, -0.01627696491777897, 0.01173468679189682, -0.06232589855790138, 0.0039481427520513535, 0.037049829959869385, 0.030861778184771538, 0.020747890695929527, -0.03694764897227287, 0.006825291085988283, 0.01176287978887558, 0.019458603113889694, -0.03849818930029869, 0.00953075010329485, -0.023767966777086258, -0.06087561696767807, 0.013985840603709221, 0.022985154762864113, 0.024816641584038734, 0.016413694247603416, -0.043334782123565674, -0.00991000235080719, 0.0021380893886089325, -0.0089090745896101, -0.02025529183447361, 0.01411475334316492, 0.01979658752679825, -0.010625053197145462, -0.03761252388358116, 0.007274315692484379]"
1,0,"醇贤亲王载沣是光绪帝的弟弟，宣统帝的生父，第一代醇亲王。醇王府曾占据过三处地方，分别位于宣武门内的太平湖东岸、什刹后海、北京。醇贤亲王载沣是醇王府第二代醇亲王。

醇贤亲王载沣在 1908 年 11 月 14 日光绪帝去世后，于 15 日被慈禧太后任命为监国摄政王。1909 年 1 月 2 日，他的儿子溥仪被立为皇帝，改元宣统，由载沣任监国摄政王。1911 年 10 月 10 日，武昌起义爆发，迫于形势，他不得不辞去监国摄政王的职位。1912 年 2 月 12 日，隆裕太后被迫代溥仪颁布了《退位诏书》，清朝灭亡。

1917 年 7 月 1 日，张勋复辟，拥戴溥仪复辟，任议政大臣，授命为内阁总理大臣。复辟失败后，他辞去了一切职务，在醇王府中闭门不出。1928 年 6 月，他的父亲醇亲王载沣去世，他前往天津为父亲守孝。1931 年“九一八”事变后，溥仪在日本侵略者的扶持下在东北建立了伪满洲国，他被溥仪任命为“执政”，后又任“满洲帝国”总理大臣。1934 年 3 月，溥仪称帝，他被任命为“执政”，后又任“满洲帝国”皇帝的生父、“陆海军大元帅”。1945 年 8 月，日本投降后，他在逃往日本途中被苏联红军俘虏，后被押解回国，在抚顺战犯管理所接受改造。1959 年 12 月，他被特赦释放，回到北京。1967 年 10 月 7 日，他在北京病逝，享年 83 岁。","[0.017155377194285393, 0.00802857056260109, -0.01056057307869196, -0.02626921236515045, 0.033693064004182816, -0.057802628725767136, -0.017870454117655754, 0.06421932578086853, 0.07708483189344406, -0.007286352105438709, 0.04719468951225281, 0.020712465047836304, -0.028884943574666977, 0.003532898146659136, -0.02840542607009411, 0.023553218692541122, -0.020010534673929214, 0.028360314667224884, -0.0003630839637480676, -0.01060932781547308, 0.030761342495679855, -0.01397872343659401, -0.0038448809646070004, -0.029556283727288246, -0.026254182681441307, -0.04205256700515747, -0.0077188219875097275, -0.01010111067444086, -0.041646454483270645, -0.021065792068839073, 0.009097665548324585, 0.015863101929426193, -0.04504670947790146, -0.02664773166179657, -0.013427133671939373, 0.04677969217300415, 0.02586587704718113, 0.022162815555930138, -0.02259029448032379, 0.025620127096772194, -0.014561362564563751, 0.05003893002867699, -0.010305597446858883, -0.023491231724619865, -0.02924482151865959, 0.024443481117486954, 0.04871654883027077, 0.022852366790175438, 0.012698470614850521, 0.03247968107461929, 0.050574708729982376, -0.00045274084550328553, 0.01991855911910534, 0.009289883077144623, -0.046115703880786896, 0.026564741507172585, -0.04583214968442917, 0.0013702576979994774, -0.021740181371569633, 0.01440372969955206, -0.04629692807793617, -0.046063777059316635, 0.015022208914160728, -0.015370267443358898, -0.03954772651195526, 0.05073007941246033, 0.043091781437397, 0.003947555553168058, -0.04055388644337654, 0.0755220502614975, -0.013649599626660347, 0.01301890891045332, 0.011350074782967567, 0.011138446629047394, -0.019477413967251778, -0.012081264518201351, 0.04392084851861, -0.008608215488493443, 0.03690489009022713, 0.005172416102141142, 0.08113313466310501, -0.016138164326548576, 0.033329688012599945, -0.009460145607590675, 0.028210582211613655, 0.0338190495967865, 0.023667071014642715, 0.03404398635029793, 0.015858033671975136, 0.04080026224255562, 0.0020381014328449965, 0.04676254093647003, 0.010913227684795856, 0.004073391202837229, -0.011244876310229301, 0.0024783541448414326, 0.04067346826195717, 0.02587522193789482, -0.030873021110892296, -0.00021339047816582024, 0.005024530924856663, -0.028399011120200157, 0.005011593922972679, -0.031223898753523827, -0.021121323108673096, -0.0005361349321901798, 0.002795041538774967, 0.040346816182136536, 0.013790288008749485, 0.022950304672122, 0.051625464111566544, 0.02261200360953808, 0.00408097542822361, -0.03050629235804081, -0.05829161778092384, -0.0017286860384047031, 0.028040224686264992, -0.030653778463602066, -0.020851189270615578, 0.01946408487856388, 0.019980138167738914, 0.014899010770022869, -0.013606276363134384, -0.04566727951169014, 0.03847401589155197, 0.0013158255023881793, -0.022631311789155006, 0.006405392196029425, -0.0007678240654058754, 0.025101661682128906, 0.0005414460320025682, 0.022195320576429367, -0.012644276022911072, -0.019516471773386, -0.035872187465429306, -0.02116427943110466, -0.055185168981552124, -0.008591602556407452, -0.009949666447937489, 0.010460876859724522, 0.0038413044530898333, 0.05879520997405052, 0.07057161629199982, -0.06191103905439377, -0.02666025422513485, -0.030042385682463646, -0.02808596007525921, 0.007126386743038893, -0.018756745383143425, -0.008034993894398212, 0.011661484837532043, -0.04653002321720123, 0.018643461167812347, 0.009052773006260395, 0.023211810737848282, -0.048259228467941284, 0.01839602366089821, 0.05665840581059456, 0.03309892863035202, -0.00926679652184248, -0.04748131334781647, -0.042023468762636185, -0.013544566929340363, -0.004062836058437824, 0.011673524975776672, -0.008191299624741077, 0.023135870695114136, 0.010394059121608734, 0.0006259935908019543, -0.004176769871264696, -0.037949077785015106, -0.04893512278795242, 0.04633823782205582, -0.02810678258538246, -0.012571434490382671, 0.014308479614555836, -0.009080624207854271, 0.005721407476812601, 0.018725905567407608, -0.006654826924204826, 0.00011330275447107852, 0.04627799615263939, 0.09097399562597275, 0.005356860812753439, -0.002722883829846978, 0.029729822650551796, 0.0066909329034388065, 0.03355313092470169, -0.0019143418176099658, 0.04032248631119728, 0.016089562326669693, -0.01339693833142519, -0.045340150594711304, 0.028497863560914993, -0.03849078714847565, 0.053755298256874084, -0.0010764027247205377, 0.031076854094862938, -0.005766005255281925, -0.011075158603489399, -0.027375441044569016, -0.000816988933365792, -0.05260932818055153, 0.03782696649432182, 0.023417040705680847, -0.021401377394795418, -0.0326102189719677, -0.03348039463162422, 0.038761768490076065, -0.06805112957954407, -0.0532272644340992, -0.010432878509163857, 0.011296585202217102, 0.01400295551866293, -0.018944012001156807, -0.03910654038190842, -0.03974467143416405, -0.02070959098637104, 0.014899175614118576, 0.01059806440025568, 0.002244275528937578, 0.0614079050719738, 0.025334300473332405, -0.002946775173768401, 0.02892482653260231, 0.038092128932476044, -0.01027404610067606, 0.009782213717699051, 0.02711009606719017, 0.040123049169778824, 0.007073052227497101, 0.03317388892173767, -0.02294405922293663, -0.01753378100693226, -0.015318360179662704, 0.006183327175676823, -0.04326564073562622, 0.00887869019061327, 0.04643109068274498, -0.010890602134168148, -0.03916723653674126, 0.018701329827308655, 0.000959593104198575, -0.012511641718447208, -0.010229206643998623, 0.0028009151574224234, 0.003387399949133396, 0.005274797789752483, 0.035889025777578354, -0.02453920803964138, 0.034094132483005524, 0.04307888075709343, -0.037264030426740646, -0.004616033751517534, 0.058621663600206375, 0.015840549021959305, 0.0017373309237882495, -0.002342676045373082, -0.024841202422976494, -0.023610800504684448, 0.008233578875660896, -0.0015739855589345098, -0.012932323850691319, 0.0164484865963459, 0.013368077576160431, 0.00302332267165184, -0.021735524758696556, 0.01904870569705963, -0.024470176547765732, -0.04724330082535744, -0.022020841017365456, -0.04868084192276001, -0.0504816398024559, -0.024143144488334656, -0.009810763411223888, 0.013284064829349518, -0.02993258647620678, -0.03852696344256401, 0.004949768073856831, 0.0113328006118536, -0.003584303194656968, -0.04547310248017311, 0.022479554638266563, -0.03412694111466408, -0.003965929616242647, -0.04688265174627304, 0.010668188333511353, -0.03098480775952339, -0.008268591947853565, 0.051664967089891434, 0.01540785375982523, -0.030161336064338684, 0.0773204118013382, 0.032823894172906876, -0.01756930723786354, 0.025310607627034187, -0.03955746442079544, -0.10167108476161957, -0.0405203215777874, -0.001347843324765563, 0.0018709242576733232, -0.06966839730739594, 0.027305198833346367, 0.042366866022348404, -0.06035729497671127, -0.011136028915643692, -0.007053941022604704, -0.016385231167078018, -0.06830234825611115, 0.026881055906414986, 0.046362102031707764, 0.06516800075769424, -0.015763821080327034, -0.02142336778342724, -0.026229072362184525, -0.01873132586479187, -0.040372468531131744, 0.017033863812685013, -0.04934564232826233, 0.018799377605319023, -0.024891512468457222, -0.058131467550992966, -0.04584169015288353, 0.011008038185536861, 0.0484633669257164, 0.009614480659365654, 0.01409902609884739, -0.01972268894314766, 0.007562203798443079, -0.025994036346673965, 0.032479774206876755, -0.009228589944541454, -0.02768554538488388, 0.032559432089328766, -0.020471544936299324, 0.023960793390870094, -0.034630388021469116, 0.030570629984140396, 0.058150582015514374, -0.005323423538357019, 0.0074025047942996025, -0.03848087415099144, -0.04315347969532013, -0.00683879479765892, -0.0028689068276435137, 0.003745708614587784, 0.025728147476911545, -0.027862293645739555, 0.05340583994984627, 0.01319899596273899, -0.011487644165754318, 0.010037360712885857, 0.012494603171944618, 0.021440360695123672, 0.00041464329115115106, 0.04822058603167534, 0.024511104449629784, -0.019929591566324234, 0.01312981452792883, -0.0038340601604431868, 0.03459262475371361, -0.020861461758613586, 0.06300288438796997, -0.018546806648373604, -0.017320377752184868, -0.02618524804711342, 0.012215961702167988, -0.04715889319777489, -0.050072040408849716, -0.025769155472517014, 0.022750889882445335, -0.030153127387166023, 0.0010961630614474416, 0.020898854359984398, -0.00017102215497288853, -0.008945422247052193, -0.0838269293308258, -0.01587439328432083, 0.017737023532390594, -0.005252799950540066, -0.04651878774166107, -0.018596239387989044, -0.013524570502340794, -0.03756372258067131, -0.014155658893287182, -0.036381062120199203, 0.1936904340982437, 0.004747690632939339, 0.052313126623630524, -0.040923018008470535, 0.0004410338297020644, 0.01585925556719303, -0.009306470863521099, 0.014292752370238304, 0.011427512392401695, 0.0612737201154232, -0.04680780693888664, 0.025155825540423393, 0.0018764594569802284, -0.010554269887506962, 0.0381738618016243, 0.0472613088786602, 0.025779874995350838, 0.025326546281576157, 0.02967359684407711, 0.015492245554924011, 0.05366022512316704, -0.03490080684423447, 0.010792632587254047, 0.00501931132748723, -0.003257731907069683, -0.032224614173173904, -0.004314068239182234, 0.03606661036610603, 0.012791826389729977, 0.004524214193224907, -0.006863296031951904, 0.019764695316553116, -0.051636941730976105, 0.004804285243153572, -0.0026810639537870884, 0.025912420824170113, -0.013019140809774399, 0.016402767971158028, 0.026292050257325172, -0.022776588797569275, -0.019728919491171837, -0.03457442671060562, -0.0074072591960430145, -0.015038452111184597, -0.027231775224208832, 0.033081747591495514, 0.015061432495713234, 0.013409478589892387, -0.007008385378867388, 0.012029057368636131, 0.02379312925040722, 0.027882535010576248, -0.01225783210247755, -0.01924806460738182, -0.03779235854744911, -0.0636356845498085, -0.04051784798502922, -0.05746472626924515, -0.006179201416671276, 0.0016833747504279017, 0.05353895574808121, 0.008840550668537617, 0.007174166850745678, -0.01627589948475361, 0.05218915641307831, 0.037067994475364685, 0.004032908473163843, -0.052719153463840485, -0.04332182928919792, -0.00275600329041481, -0.04717405512928963, -0.04255690798163414, -0.021092141047120094, 0.026168007403612137, 0.014176586642861366, -0.018806597217917442, -0.04212142899632454, 0.030552417039871216, 0.028668880462646484, -0.024323252961039543, 0.017081882804632187, -0.036300282925367355, -0.03787656128406525, 0.0029292728286236525, 0.03969717398285866, 0.010144361294806004, 0.04100634902715683, 0.029224172234535217, -0.06133042648434639, 0.02290792390704155, 0.014574306085705757, 0.03429152071475983, -0.039695706218481064, 0.03062504343688488, 0.019717127084732056, -0.06651785224676132, -0.0016096880426630378, 0.02361210435628891, -0.032826825976371765, -0.014269632287323475, -0.027134792879223824, -0.031242795288562775, -0.027337072417140007, -0.009478004649281502, 0.007829285226762295, -0.037363264709711075, 0.018545471131801605, 0.01965675689280033, 0.005454584024846554, 0.028018072247505188, 0.05045490339398384, -0.0026060189120471478, 0.008053060621023178, 0.008337643928825855, 0.025241000577807426, 0.010757100768387318, -0.006713386159390211, -0.04271873086690903, 0.009108227677643299, 0.024476375430822372, -0.024501172825694084, 0.045827340334653854, -0.03971998021006584, 0.06699460744857788, -0.015570505522191525, 0.06605865806341171, -0.034663569182157516, -0.03240180388092995, 0.05386723577976227, 0.007807134184986353, -0.010265860706567764, -0.01641233079135418, -0.01910080574452877, 0.021314285695552826, 0.015956837683916092, -0.022679515182971954, 0.06841170787811279, -0.023428265005350113, -0.038946423679590225, 0.027403177693486214, -0.009900812990963459, 0.028046684339642525, -0.04702067747712135, 0.034703198820352554, 0.01054265908896923, 0.0033670805860310793, -0.01513269729912281, -0.011251887306571007, -0.03303617238998413, -0.009954404085874557, 0.00019049904949497432, -0.023111779242753983, -0.0036176478024572134, 0.0220943596214056, -0.01639174111187458, -0.0322553813457489, 0.012408341281116009, -0.0020493913907557726, 0.05155794695019722, -0.0356108620762825, -0.02013828046619892, -0.0265943706035614, -0.00603680731728673, 0.08850854635238647, 0.04669492319226265, 0.06998084485530853, -0.05358937382698059, 0.009135745465755463, 0.04606246203184128, 0.003025020705536008, -0.048419076949357986, -0.03909895196557045, 0.0031037514563649893, 0.01847623474895954, 0.02767026238143444, 0.013682027347385883, 0.007335350848734379, 0.03859255090355873, -0.012972746044397354, 0.024281306192278862, -0.01834307797253132, 0.024905400350689888, 0.057083189487457275, -0.0016195302596315742, -0.016821512952446938, 0.014572341926395893, 0.0006669287104159594, -0.07381399720907211, -0.0323469340801239, 0.022655203938484192, -0.027634209021925926, 0.11110861599445343, -0.026413502171635628, -0.005707369185984135, -0.017480168491601944, -0.007979976013302803, 0.035740166902542114, 0.02447345107793808, 0.008628219366073608, -0.013062233105301857, -0.012583660893142223, -0.026541857048869133, 0.0013086454709991813, -0.0033403250854462385, -0.02847362495958805, -0.018068522214889526, 0.01983323134481907, 0.021926283836364746, 0.0020085275173187256, 0.01943584904074669, 0.0006866452167741954, -0.04721330851316452, 0.036254752427339554, 0.000730039260815829, 0.037526801228523254, 0.006936745718121529, -0.008047329261898994, 0.06160520017147064, -0.022399911656975746, -0.011311632581055164, 0.03653351962566376, 0.012624965980648994, 0.01695062220096588, -0.05239454656839371, -0.019120432436466217, -0.030634475871920586, 0.03693882375955582, 0.0202719084918499, -0.016847576946020126, -0.04493001475930214, 0.0039388216100633144, -0.003832001006230712, -0.028797674924135208, -0.02767673134803772, -0.050667036324739456, -0.005115179810672998, 0.04304179921746254, -0.005771031603217125, 0.018683284521102905, -0.01719735935330391, 0.05205307900905609, -0.014110446907579899, 0.013829569332301617, -0.04006883502006531, -0.0013427502708509564, 0.06423630565404892, -0.03767898678779602, 0.01002897322177887, 0.035231854766607285, 0.013996642082929611, 0.02785358391702175, -0.04086560383439064, -0.010265519842505455, 0.08135928958654404, -0.0017782460199669003, -0.009323070757091045, -0.01663866825401783, -0.02982800453901291, -0.010134859010577202, -0.03120957873761654, -0.00035732894320972264, -0.002597184618934989, -0.014649471268057823, 0.027310345321893692, -0.0020700423046946526, 0.04852760210633278, 0.022635921835899353, -0.008650130592286587, -0.009004617109894753, -0.037389371544122696, 0.024007784202694893, -0.0038212654180824757, -0.018926039338111877, -0.04989691078662872, 0.018808823078870773, 0.03632849454879761, -0.04573206603527069, -0.06179548054933548, -0.03799905627965927, -0.027096867561340332, -0.0038574307691305876, 0.04869706183671951, 0.019837625324726105, 0.021045560017228127, 0.03363300859928131, 0.029445866122841835, 0.011087444610893726, 0.019342679530382156, -0.0024817518424242735, -0.02071797475218773, -0.04688263311982155, 0.03408629074692726, -0.01030720490962267, 0.010766632854938507, -0.017207147553563118, -0.051211923360824585, -0.059013623744249344, -0.06589319556951523, -0.019105207175016403, -0.02617160975933075, 0.018839921802282333, -0.01801167242228985, -0.07251112163066864, -0.04614957049489021, -0.001826568623073399, 0.03219567984342575, -0.03565507382154465, -0.04365529492497444, 0.017085855826735497, 0.016923630610108376, -0.028528189286589622, -0.04718983545899391, 0.020807979628443718, 0.02513100765645504, 0.0057380590587854385, -0.008413788862526417, 0.011015985161066055, -0.00533750606700778, -0.06578496098518372, 0.03969328850507736, -0.040355950593948364, 0.010980077087879181, -0.03486458957195282, -0.03290176019072533, 0.005002993158996105, -0.017477797344326973, -0.007099864073097706, 0.03402504697442055, 0.01493279729038477, 0.030845770612359047, -0.009917592629790306, 0.010114625096321106, -0.04408023878931999, -0.033424682915210724, -0.02474188059568405, -0.011816049925982952, -0.04044467955827713, -0.06434457004070282, -0.017506899312138557, -0.07364445924758911, -0.02765817381441593, 0.01906152069568634, 0.03623473271727562, -0.012121430598199368, 0.04465297609567642, -0.03807627409696579, 0.01756134256720543, 0.03147740289568901, -0.028071090579032898, -0.010311656631529331, -0.02338755503296852, 0.03196842595934868, -0.0023976853117346764, 0.002837494481354952, -0.015364930033683777, 0.06879545748233795, -0.023434503003954887, 0.025069674476981163, 0.0036095771938562393, -0.026072721928358078, -0.03160034492611885, 0.012538809329271317, 0.024154122918844223, -0.01899769902229309, -0.007972880266606808, 0.02979002706706524, -0.017596593126654625, 0.06120392680168152, -0.02715948037803173, 0.046432383358478546, -0.025461064651608467, 0.0014821554068475962, -0.027027908712625504, -0.001015460235066712, -0.025891447439789772, 0.04514749348163605, -0.027086179703474045, -0.0056912861764431, 0.028711479157209396, 0.02207258902490139, -0.023550571873784065, -0.07472674548625946, -0.01468704640865326, 0.03223208338022232, 0.011375664733350277, -0.032065942883491516, -0.002276515355333686, 0.007418354973196983, 0.006333483383059502, 0.020633678883314133, -0.012085829861462116, 0.05279257521033287, -0.015311772003769875, -0.009322017431259155, -0.06975411623716354, -0.011825615540146828, 0.014529533684253693, -0.025090306997299194, -0.055773135274648666, 0.010879327543079853, -0.009315161034464836, 0.022744731977581978, 0.02606271579861641, -0.028737714514136314, 0.013345963321626186, -0.019130444154143333, 0.009830223396420479, -0.014855430461466312, -0.016113776713609695, 0.032330434769392014, 0.059411752969026566, -0.022806422784924507, 0.003423522226512432, -0.0034645250998437405, -0.005653534550219774, -0.029964212328195572, -0.010013191029429436, -0.010075542144477367, 0.04615691304206848, 0.06447526812553406, 0.06431098282337189, 0.04178252071142197, -0.01582965813577175, -0.05482078716158867, -0.018087469041347504, 0.013892039656639099, -0.01389003824442625, 0.01959913782775402, -0.012831192463636398, 0.03442620858550072, -0.0041892034932971, -0.01237749308347702, -0.001274585141800344, 0.015765247866511345, -0.029231753200292587, 0.03379141166806221, -0.002390417270362377, 0.000691367662511766, -0.005402368027716875, 0.004658657591789961, 0.011644566431641579, -0.03351959213614464, 0.012101057916879654, -0.06788326799869537, -0.023510364815592766, -0.02277831733226776, 0.06623352319002151, 0.02482154779136181, 0.025913650169968605, 0.04915083199739456, -0.002136445604264736, -0.02670813351869583, 0.026033177971839905, 0.06668629497289658, 0.005042233504354954, -0.00644840020686388, -0.0162812527269125, -0.014256225898861885, -0.038004182279109955, -0.020946718752384186, -0.07215505838394165, 0.013172734528779984, -0.03174177184700966, 0.005800354760140181, 0.0007216169615276158, -0.038356006145477295, 0.02065328322350979, 0.00876088161021471, 0.02773185260593891, -0.04852372780442238, -0.014047278091311455, -0.004855830688029528, 0.03574460744857788, -0.011945011094212532, -0.013030299916863441, -0.03310612589120865, 0.03283783048391342, 0.007967870682477951, -0.026148488745093346, 0.0181801225990057, 0.010466201230883598, -0.044192876666784286, -0.019144954159855843, 0.03204779699444771, -0.020408613607287407, 0.03019905462861061, 0.014708229340612888, -0.06882764399051666, -0.005886141210794449, -0.02720741555094719, -0.04166865348815918, -0.04234817624092102, 0.0348820723593235, 0.008790374733507633, -0.028448710218071938, -0.030059052631258965, -0.020855195820331573, -0.03784983605146408, 0.024759281426668167, 0.02463712729513645, 0.05279632285237312, -0.010962279513478279, 0.03529660403728485, -0.03239620849490166, -0.023493634536862373, -0.00870081689208746, -0.016162218526005745, -0.010413534007966518, -0.04008620232343674, 0.010451425798237324, 0.001609332743100822, 0.006788276601582766, -0.029284553602337837, -0.008386331610381603, -0.02999916858971119, -0.04559832811355591, 0.021219147369265556, -0.0246330164372921, 0.00709586450830102, -0.02418442629277706, 0.02552126534283161, -0.03317755460739136, -0.01817929558455944, -0.031601712107658386, 0.031710002571344376, -0.047040872275829315, -0.014311394654214382, 0.009846149012446404, -0.03124718740582466, -0.03186975419521332, -0.022744929417967796, 0.060414981096982956, 0.01936228759586811, 0.010457940399646759, 0.011702269315719604, -0.06025952100753784, 0.0009159365436062217, -0.00344837992452085, -0.02171359769999981, 0.02772343158721924, -0.004496923182159662, -0.05466649308800697, -0.027394501492381096, -0.016407780349254608, 0.008121824823319912, 0.0254744291305542, -0.0432359054684639, 0.020372828468680382, 0.034095875918865204, 0.03947208449244499, -0.0013439987087622285, 0.007350732572376728, 0.010076244361698627, -0.0013303915038704872, 0.027723239734768867, -0.00039994873804971576, -0.06894852221012115, 0.017570700496435165, -0.01554799173027277, -0.07081378996372223, 0.0213922131806612, 0.03248352184891701, -0.037466078996658325, -0.009816321544349194, 0.011635876260697842, 0.042897626757621765, -0.05713121220469475, 0.01981700025498867, 0.026060426607728004, 0.008594308979809284, 0.03251166641712189, -0.016160879284143448, 0.03121073544025421, 0.019896695390343666, 0.021178968250751495, 0.00764378672465682, -0.0026630109641700983, 0.008932498283684254, 0.040618255734443665, 0.056414488703012466, 0.02997625805437565, 0.04321400448679924, -0.03890573978424072, 0.042199015617370605, -0.024336721748113632, 0.006676711607724428, -0.033568743616342545, 0.04658139869570732, 0.04003779962658882, -0.023314187303185463, -0.030768396332859993, 0.004663465078920126, 0.0069408961571753025, 0.004173008259385824, 0.00034630263689905405, -0.019904725253582, 0.003449426731094718, -0.018147721886634827, -0.0003579895128495991, -0.03320631757378578, 0.017344200983643532, 0.006852558348327875, 0.006749920547008514, 0.012364807538688183, 0.05507321655750275, -0.030361082404851913, 0.007821541279554367, 0.022980712354183197, 0.025322584435343742, -0.00036679377080872655, 0.023326342925429344, -0.0679309070110321, 0.018037136644124985, 0.015301944687962532, 0.014832951128482819, 0.03059994801878929, -0.041010964661836624, 0.013759925961494446, 0.006741039454936981, 0.0063987914472818375, -0.03432118892669678, 0.014747855253517628, -0.011588958092033863, -0.04634047672152519, 0.005107923410832882, 0.04369593784213066, 0.016497671604156494, -0.005522781051695347, -0.021921709179878235, -0.02950352430343628, -0.015017051249742508, 0.0007628166931681335, -0.019507313147187233, 0.032147299498319626, 0.017811499536037445, 0.0020378301851451397, -0.04256557300686836, 0.005625381600111723]"
