community_id,community_report,community_report_embedding
0,"以下是生成的社区报告：
- 慈禧太后：慈禧太后是清朝晚期的重要政治人物，也是中国历史上的一位传奇女性。她是醇贤亲王奕讠瞏的儿媳妇，光绪皇帝的姨母，清朝的第十代皇帝宣统的养母。慈禧太后在清朝的政治和外交事务中扮演了重要的角色，她通过垂帘听政掌握了实际的权力，并对中国的政治、经济和文化产生了深远的影响。
- 光绪皇帝：光绪皇帝是清朝的第十一代皇帝，他是醇贤亲王奕讠瞏的儿子，慈禧太后的亲生子，清朝的第十代皇帝宣统的堂兄弟。光绪皇帝在位期间，经历了甲午战争、戊戌变法等重大事件，但由于政治上的限制和慈禧太后的干预，他的改革努力并没有取得实质性的成果。
- 宣统皇帝：宣统皇帝是清朝的第十代，也是最末一代的皇帝，年号宣统。他在三岁那年的旧历十月二十日被慈禧太后和光绪皇帝立为嗣皇帝，承继同治，兼祧光绪。宣统皇帝在位期间，中国经历了辛亥革命和清朝的灭亡，他在 1912 年被迫退位，结束了清朝的统治。

从以上信息可以看出，慈禧太后、光绪皇帝和宣统皇帝之间存在着复杂的关系。慈禧太后是光绪皇帝的姨母和宣统皇帝的养母，而光绪皇帝是慈禧太后的亲生子，宣统皇帝是光绪皇帝的堂兄弟。他们在中国历史上的政治和社会变革中扮演了重要的角色，对中国的历史进程产生了深远的影响。","[0.04285317659378052, -0.008042436093091965, -0.02424282394349575, -0.04193003848195076, 0.03050467185676098, -0.06727494299411774, -0.014402319677174091, 0.061240486800670624, 0.0909942165017128, -0.0029458170756697655, 0.0525924414396286, 0.030481934547424316, -0.018213966861367226, 0.007433976978063583, -0.06097031757235527, 0.027224553748965263, -0.011649939231574535, 0.04370170459151268, -0.014940274879336357, -0.021747678518295288, 0.03060440719127655, -0.016857588663697243, -0.04159359633922577, -0.03937447443604469, -0.04060722142457962, -0.013072150759398937, -0.024434218183159828, -0.03945624828338623, -0.03305649757385254, -0.035251740366220474, 0.007472287397831678, -0.010271258652210236, -0.01954999752342701, -0.03329351916909218, -0.016340970993041992, 0.01917223632335663, 0.02995557151734829, 0.01754656247794628, -0.02536347135901451, 0.033712245523929596, -0.03393953666090965, 0.011230912990868092, -0.00841290783137083, -0.037458159029483795, -0.010260890237987041, 0.024813435971736908, 0.03499416261911392, 0.004669290501624346, -0.026863083243370056, 0.04074353724718094, 0.051794860512018204, 0.01022475678473711, 0.0069612907245755196, 0.00229678675532341, 0.00032094845664687455, 0.04999469220638275, -0.05500316619873047, 0.01875610649585724, -0.025600910186767578, 0.03482166677713394, -0.048958003520965576, -0.011031929403543472, 0.023596124723553658, -0.018104584887623787, -0.02477981708943844, 0.04468317702412605, 0.04348117858171463, -0.0002409421867923811, -0.03035198524594307, 0.0417766310274601, -0.023797204717993736, 0.01389374304562807, -0.007024810649454594, 0.019988572224974632, -0.021071860566735268, 0.006069568917155266, 0.05022353306412697, 0.008620159700512886, 0.029829440638422966, -0.00564692122861743, 0.054408617317676544, -0.034044016152620316, 0.03908148035407066, -0.0026413227897137403, 0.007225346751511097, 0.02478436566889286, 0.02422705478966236, 0.040506672114133835, 0.02861509658396244, 0.049137841910123825, 0.006629037205129862, 0.043122947216033936, 0.004460838623344898, -0.004856544081121683, -0.01669239066541195, 0.0029223887249827385, 0.03242851793766022, 0.02502884715795517, -0.02967027761042118, 0.0005798820639029145, -0.003547373693436384, -0.04348510131239891, 0.013531175442039967, -0.04515166953206062, -0.03429079428315163, -0.023785969242453575, 0.005168483592569828, 0.03504325449466705, 0.027354620397090912, 0.02583983726799488, 0.047452960163354874, 0.02165234088897705, -0.0004141111276112497, -0.03349390625953674, -0.06458768993616104, 0.0037566102109849453, 0.03776154667139053, -0.016960928216576576, -0.027679938822984695, 0.0248734038323164, 0.015288607217371464, 0.013570239767432213, -0.012702169828116894, -0.058123212307691574, 0.03885817527770996, 0.01582900434732437, 0.0012902223970741034, 0.02152390405535698, 0.001881911070086062, 0.02805907279253006, 0.03146212920546532, 0.02041439712047577, -0.019874295219779015, -0.017178209498524666, -0.030443310737609863, -0.025089919567108154, -0.037320103496313095, 0.009103881195187569, -0.012639558874070644, -0.0024555728305131197, 0.0075409687124192715, 0.03071671910583973, 0.038748301565647125, -0.04555938392877579, -0.022184032946825027, -0.051790621131658554, -0.020976480096578598, 0.029696600511670113, 0.005268874112516642, -0.004248134791851044, 0.016063153743743896, -0.03101019188761711, 0.013442181050777435, 0.01682586595416069, 0.03485859930515289, -0.04411943256855011, 0.022821560502052307, 0.028472326695919037, 0.00939247291535139, -0.00741607416421175, -0.03126201778650284, -0.04627102240920067, 0.0032131285406649113, 0.009525886736810207, -0.005527869798243046, -0.016061704605817795, 0.019707895815372467, 0.009287862107157707, -0.005682962480932474, -0.0052557168528437614, -0.014328398741781712, -0.07019130885601044, 0.03829485550522804, -0.03870920091867447, -0.02169569581747055, 0.0006360381958074868, 0.0002790983999148011, 0.0189930722117424, 0.015505175106227398, -0.013764051720499992, -0.00362050486728549, 0.025646472349762917, 0.05425744876265526, 0.014448282308876514, -0.011548693291842937, 0.013648043386638165, 0.012797709554433823, 0.01229272410273552, 0.01263062097132206, 0.036266740411520004, 0.011757399886846542, -0.008900245651602745, -0.037299178540706635, 0.03995492681860924, -0.032400719821453094, 0.056395191699266434, 0.013601116836071014, 0.021099993959069252, 0.005515153519809246, -0.029154490679502487, -0.024975940585136414, 0.013043542392551899, -0.0724572166800499, 0.0348866768181324, 0.007808583788573742, -0.029496362432837486, -0.04370708018541336, -0.04376072436571121, 0.03319311887025833, -0.05120820552110672, -0.05048947408795357, -0.0185535941272974, 0.025570055469870567, 0.01128043420612812, -0.010065536946058273, -0.04438655450940132, -0.0497705452144146, -0.027204863727092743, 0.01826762780547142, 0.006217251066118479, 0.021256405860185623, 0.048062730580568314, 0.014892308041453362, 0.012800324708223343, 0.01246034074574709, 0.04555647447705269, 0.013518123887479305, 0.006756519433110952, 0.020920969545841217, 0.03843360394239426, 0.006461815908551216, 0.04545009881258011, -0.06156322732567787, -0.023441387340426445, 0.018859978765249252, -0.011865472421050072, -0.035425879061222076, -0.01105663925409317, 0.043568406254053116, 0.02456219121813774, -0.059673868119716644, 0.003157279221341014, 0.031130976974964142, -0.02550765685737133, -0.01680699922144413, -0.010883959010243416, 0.0357922725379467, -0.005861854646354914, 0.018441813066601753, -0.02151576057076454, 0.03956816345453262, 0.01941707544028759, -0.030713561922311783, 0.0008483602432534099, 0.04573145881295204, 0.009828408248722553, 0.016057578846812248, 0.00029321201145648956, -0.013737576082348824, -0.015393976122140884, 0.013420740142464638, -0.0052707199938595295, -0.02077360637485981, 0.02423287183046341, -0.002977299503982067, 0.0037843328900635242, -0.002430379157885909, 0.018344895914196968, -0.01663988083600998, -0.05800049006938934, -0.028305357322096825, -0.047930359840393066, -0.024148419499397278, -0.019338537007570267, 0.009533771313726902, -0.01695946417748928, -0.050546567887067795, -0.03164557367563248, -0.015308684669435024, 0.010786639526486397, 0.01363329216837883, -0.02704285830259323, 0.013931958936154842, -0.04596998170018196, 0.005489511881023645, -0.05139005929231644, 0.025891883298754692, -0.016310371458530426, 0.008108691312372684, 0.004367173183709383, 0.025083070620894432, -0.009497099556028843, 0.09991800785064697, 0.020888883620500565, -0.010533404536545277, 0.03647032007575035, -0.03129768744111061, -0.08400123566389084, -0.05834699422121048, 0.0315290167927742, -0.030528701841831207, -0.058913979679346085, 0.040802717208862305, 0.05212138965725899, -0.06336072832345963, -0.022111937403678894, 0.010225140489637852, -0.0298575758934021, -0.07228482514619827, 0.03671998903155327, 0.05751672387123108, 0.03451240062713623, -0.020075511187314987, -0.028475088998675346, -0.015027116052806377, -0.030314913019537926, -0.03819091618061066, 0.019918233156204224, -0.022117147222161293, 0.037451960146427155, -0.0176952313631773, -0.05265847221016884, -0.03870555758476257, 0.017161641269922256, 0.06112164258956909, -0.006996145937591791, 0.040933139622211456, -0.03516648709774017, 0.006863690912723541, -0.017255539074540138, 0.02189510315656662, -0.021815771237015724, -0.034521013498306274, 0.04151158779859543, -0.019212504848837852, 0.02791253663599491, -0.03844732418656349, 0.032626356929540634, 0.05525878816843033, -0.005261303391307592, 0.024086903780698776, -0.03674539178609848, -0.02480604313313961, 0.0013646059669554234, -0.011376655660569668, -0.010011913254857063, 0.023351596668362617, -0.03301423415541649, 0.047926630824804306, -0.0024549479130655527, -0.0027412197086960077, -0.007111632730811834, 0.014091740362346172, 0.011455928906798363, -0.0019279464613646269, 0.06117359921336174, 0.009627435356378555, -0.037894561886787415, 0.030889000743627548, 0.0014291018014773726, 0.04125777259469032, -0.016563240438699722, 0.060739666223526, -0.022016581147909164, -0.006068800110369921, -0.011851724237203598, 0.012610457837581635, -0.030459923669695854, -0.047957852482795715, -0.023297345265746117, 0.030143186450004578, -0.0021636146120727062, 0.001857145456597209, 0.03270503878593445, -0.012275603599846363, -0.009222615510225296, -0.056955236941576004, -0.026715394109487534, 0.028656424954533577, -0.008516005240380764, -0.028906797990202904, -0.036335866898298264, -0.005157056730240583, -0.02855713851749897, -0.014258983545005322, -0.023175053298473358, 0.19871371984481812, 0.0319586805999279, 0.04986181482672691, -0.06886664032936096, -0.013520467095077038, 0.036410003900527954, -0.0068387058563530445, 0.016953738406300545, 0.014004007913172245, 0.037362515926361084, -0.04435204714536667, 0.018995260819792747, 0.022376621142029762, -0.005086862947791815, 0.02942298725247383, 0.04955599084496498, 0.036037612706422806, 0.015119588933885098, 0.01085964497178793, 0.00976739265024662, 0.04238537326455116, -0.0508241131901741, 0.0029098636005073786, 0.00144911278039217, -0.034494876861572266, -0.007757072802633047, 0.005390625912696123, 0.036550141870975494, -0.008703287690877914, 0.016505349427461624, -0.01947086863219738, 0.03704703226685524, -0.01519780047237873, 0.00577161880210042, 0.016017502173781395, 0.011775476858019829, -0.0020755305886268616, 0.010196827352046967, 0.02380416914820671, -0.027108578011393547, -0.013749305158853531, -0.0238199420273304, -0.01763816364109516, -0.010129434056580067, -0.012057533487677574, 0.019973576068878174, 0.027129637077450752, 0.00868984591215849, -0.00659773638471961, 0.03421131148934364, 0.005705749616026878, 0.032192520797252655, -0.008274967782199383, -0.03070967271924019, -0.03538239374756813, -0.06782200932502747, -0.032178428024053574, -0.05457586795091629, -0.004191757179796696, 0.026560822501778603, 0.05735013261437416, -0.008069390431046486, 0.0013033371651545167, -0.0205830130726099, 0.03575274720788002, 0.038379330188035965, 0.03309790790081024, -0.049181729555130005, -0.04113331064581871, 0.0019072570139542222, -0.06379947066307068, -0.026935407891869545, -0.04237281158566475, 0.03468474745750427, 0.014886307530105114, -0.014036869630217552, -0.047609467059373856, 0.028652260079979897, 0.03541504591703415, -0.008211158215999603, 0.010435444302856922, -0.029962187632918358, -0.032891131937503815, 0.012084104120731354, 0.031853511929512024, 0.02085287868976593, 0.022861845791339874, 0.03017406538128853, -0.05475066229701042, 0.026141108945012093, 0.007391565013676882, 0.037953414022922516, -0.031478364020586014, 0.03717423975467682, 0.025761427357792854, -0.05929272249341011, 0.016515107825398445, 0.02486458048224449, -0.023408006876707077, -0.013872087001800537, -0.042472582310438156, -0.025945652276277542, -0.03507013991475105, 0.02579513192176819, 0.013125470839440823, -0.04115626960992813, 0.010042435489594936, 0.006110318936407566, 0.00434189522638917, 0.018900223076343536, 0.02104617841541767, -0.0027117326389998198, 0.042021118104457855, -0.008942283689975739, 0.04374001547694206, 0.0176262054592371, 0.01067289337515831, -0.031481996178627014, 0.02226431667804718, 0.023501364514231682, -0.013182815164327621, 0.02741251140832901, -0.045685961842536926, 0.04967344552278519, -0.00834049005061388, 0.06644245982170105, -0.03724544122815132, -0.0330236591398716, 0.03253202140331268, 0.003926514647901058, 0.006843414157629013, -0.027227262035012245, -0.03394363820552826, 0.05100938305258751, 0.0005012826295569539, -0.025065073743462563, 0.059377413243055344, -0.029564088210463524, -0.02650442160665989, 0.030256060883402824, -0.02519856207072735, 0.007112431339919567, -0.05383806303143501, 0.06389661133289337, 0.005162361077964306, 0.030361885204911232, -0.03991914913058281, -0.013055417686700821, -0.017367305234074593, -0.0072647626511752605, -0.003399662207812071, -0.032763391733169556, 0.014374983496963978, 0.016787098720669746, -0.04144475236535072, -0.009714714251458645, 0.021886352449655533, 0.0018250480061396956, 0.06679872423410416, -0.029612896963953972, -0.02888101153075695, -0.041556503623723984, 0.005305471830070019, 0.10835345089435577, 0.040937796235084534, 0.08751522749662399, -0.027115032076835632, 0.018374960869550705, 0.039642974734306335, 0.010808823630213737, -0.05055420100688934, -0.03885556012392044, 0.009703435003757477, 0.005015032831579447, 0.02348901517689228, -0.023182576522231102, -0.019361291080713272, 0.034775346517562866, -0.016514720395207405, 0.01843598112463951, -0.012755192816257477, 0.01115199364721775, 0.06573720276355743, -0.02676885388791561, -0.012347581796348095, 0.024904783815145493, -0.0012877319240942597, -0.055097680538892746, -0.03192751109600067, 0.03248147293925285, -0.015493652783334255, 0.12396302074193954, -0.04023339971899986, -0.024424726143479347, -0.029995601624250412, -0.00907045230269432, 0.03393731638789177, 0.03512492775917053, -0.0047203367576003075, -0.008072180673480034, -0.04093987122178078, -0.03079800494015217, -0.011751224286854267, 0.0025221926625818014, -0.019431699067354202, -0.02706521935760975, 0.020749635994434357, 0.017058294266462326, -0.008598614484071732, -0.01143698487430811, 0.004393746145069599, -0.051204126328229904, 0.014353964477777481, 0.0041643898002803326, 0.027355315163731575, 0.02628951519727707, 0.03155917674303055, 0.03969011828303337, -0.036296822130680084, -0.0315253846347332, 0.036504101008176804, 0.009865537285804749, 0.012238122522830963, -0.045566920191049576, -0.03297332301735878, -0.054830264300107956, 0.021691851317882538, 0.01699775829911232, -0.015607530251145363, -0.03491123020648956, 0.008079755119979382, -0.013517764396965504, -0.013228180818259716, -0.01113272737711668, -0.042266957461833954, -0.034357987344264984, 0.04001094773411751, 0.00496998056769371, -0.002089887158945203, -0.017848778516054153, 0.052078478038311005, -0.030056612566113472, 0.020268639549613, -0.02653435245156288, -0.005779048893600702, 0.04605209454894066, -0.020924236625432968, 0.007080866023898125, 0.037594422698020935, 0.030290905386209488, 0.025080662220716476, -0.02370903454720974, 0.02572343312203884, 0.06610073149204254, -0.04325731471180916, -0.0134816262871027, -0.02428874559700489, -0.030426567420363426, -0.025003381073474884, -0.04745655506849289, -0.005266269203275442, 0.012862197123467922, -0.02960634045302868, 0.012596641667187214, -0.016387488692998886, 0.030832435935735703, 0.01113680936396122, -0.021391242742538452, 0.003901661140844226, -0.02169683761894703, 0.029919715598225594, -0.0043174573220312595, -0.029503382742404938, -0.05528832972049713, 0.011524427682161331, 0.02691802941262722, -0.04623468220233917, -0.06052856519818306, -0.0550004281103611, -0.029400601983070374, -0.017658382654190063, 0.03192873299121857, 0.008067207410931587, 0.0006839589914306998, 0.008941752836108208, 0.017673315480351448, -0.02111991122364998, 0.008615901693701744, 0.002295763697475195, -0.02485516294836998, -0.029420962557196617, 0.032328780740499496, -0.008461586199700832, -0.003449163166806102, -0.01649077795445919, -0.04495132714509964, -0.06560392677783966, -0.06107478588819504, -0.016260894015431404, -0.011909362860023975, 0.019262734800577164, -0.01883687637746334, -0.05880305916070938, -0.03188195452094078, 0.0009760787361301482, 0.02142293192446232, -0.021931875497102737, -0.04313131049275398, 0.04082367569208145, 0.038610924035310745, -0.026345815509557724, -0.04371565207839012, 0.014837639406323433, 0.0297162514179945, -0.004359201993793249, 0.008588277734816074, 0.023429861292243004, -0.0048936521634459496, -0.04716533422470093, 0.041554685682058334, -0.02806391380727291, -0.011094744317233562, -0.03285558894276619, -0.03678923100233078, 0.015259874984622002, -6.476527050836012e-05, 0.01759221777319908, 0.0344933420419693, 0.02150583453476429, 0.030469922348856926, 0.01210116222500801, -0.005428920965641737, -0.034440502524375916, -0.03099312074482441, -0.03037477657198906, 0.006668497808277607, -0.023209791630506516, -0.03581763058900833, 0.000833013211376965, -0.06814277917146683, -0.01689728908240795, 0.0062942965887486935, 0.028406621888279915, -0.010814802721142769, 0.04374849423766136, -0.022976486012339592, 0.008958409540355206, 0.013610481284558773, -0.013987907208502293, 0.006676765624433756, -0.03939499706029892, 0.047887641936540604, -0.0013527547707781196, -0.007481112610548735, -0.0088008102029562, 0.06407983601093292, -0.02699645422399044, 0.02429286018013954, 0.01594402827322483, -0.03251824900507927, -0.026365812867879868, 0.011565360240638256, 0.01171618141233921, -0.006022110115736723, 0.00800094474107027, 0.014241217635571957, -0.02852245792746544, 0.038542721420526505, -0.026093730702996254, 0.024016214534640312, -0.021970383822917938, 0.01689225621521473, -0.03259292244911194, 0.016651583835482597, -0.027117831632494926, 0.030874114483594894, -0.03608687222003937, -0.020842211320996284, -0.011542869731783867, 0.02403118461370468, 0.01109008677303791, -0.048088133335113525, -0.005188987124711275, 0.0394374243915081, 0.006519747897982597, -0.026669185608625412, 0.0402020663022995, 0.03730201721191406, -0.01226135902106762, 0.01194793451577425, -0.013054010458290577, 0.0612647719681263, -0.0034892980474978685, -0.030335508286952972, -0.07187587022781372, -0.0023988760076463223, -0.0003427979245316237, -0.01874803751707077, -0.061757493764162064, -0.004713232163339853, -0.03257289528846741, 0.02836645394563675, 0.01743488572537899, -0.019032008945941925, 0.02412519045174122, -0.023509278893470764, 0.02235356904566288, -0.015997642651200294, -0.007517376448959112, 0.026706229895353317, 0.046583615243434906, -0.017120366916060448, 0.013037125580012798, -0.01324503868818283, -0.011982825584709644, -0.020633062347769737, 0.0010590704623609781, 0.004559398628771305, 0.017174331471323967, 0.047043368220329285, 0.06348744034767151, 0.04054486006498337, -0.03293395787477493, -0.06245635077357292, -0.018239829689264297, 9.492348181083798e-05, 0.018501324579119682, 0.032118961215019226, 0.013694441877305508, 0.034006908535957336, -0.0013725272146984935, 0.0020376499742269516, -0.0004899306804873049, 0.01653580367565155, -0.04350879415869713, 0.019652964547276497, -0.02940855547785759, -0.0072994050569832325, -0.007781188935041428, 0.030613521113991737, 0.03181929886341095, -0.04209629446268082, 0.015798870474100113, -0.03981541469693184, -0.01267251092940569, -0.022714784368872643, 0.04183385521173477, 0.0370757132768631, 0.028275644406676292, 0.056414928287267685, 0.00871109589934349, -0.027261579409241676, 0.027811847627162933, 0.056767985224723816, 0.010724438354372978, -0.0295119509100914, -0.020867664366960526, -0.01699352264404297, -0.028325777500867844, -0.02032727375626564, -0.0513845793902874, 0.006683776620775461, -0.03832289204001427, 0.02379811741411686, -0.004141299519687891, -0.04981105402112007, 0.01866225153207779, 0.01794118992984295, 0.026027552783489227, -0.04847217723727226, -0.003557529766112566, 0.009509951807558537, 0.03578541427850723, 0.0018154825083911419, -0.011030120775103569, -0.007365775294601917, 0.03347615897655487, 0.014119604602456093, -0.017078589648008347, 0.0255904383957386, 0.010853355750441551, -0.027503661811351776, -0.0417620949447155, -0.0014378647319972515, -0.04144485294818878, -0.0030637152958661318, 0.013262325897812843, -0.05420433357357979, -0.01598246768116951, -0.03232552856206894, -0.03706765174865723, -0.03702816367149353, 0.025876041501760483, 0.018283741548657417, -0.059775348752737045, -0.028386274352669716, -0.02486458607017994, -0.016604186967015266, 0.013255108147859573, 0.03357305750250816, 0.051871445029973984, -0.017520200461149216, 0.04577777162194252, -0.05491044372320175, -0.03192659094929695, -0.009040523320436478, -0.008367483504116535, 0.004858154337853193, -0.061768967658281326, 0.01588754914700985, 0.0017657907446846366, -0.006447952706366777, -0.040444616228342056, -0.004602063447237015, -0.04771341755986214, -0.042019959539175034, 0.029905090108513832, -0.02561303600668907, 0.01498742587864399, -0.014393996447324753, 0.03978153318166733, -0.023016294464468956, 0.008094067685306072, -0.03822921961545944, 0.04747994244098663, -0.050281863659620285, 0.004644625820219517, 0.00529895443469286, -0.02414163574576378, -0.01892007887363434, 0.014948206953704357, 0.07294163107872009, 0.00536962877959013, 0.016487084329128265, -0.003123294562101364, -0.03305533528327942, 0.00617133779451251, 0.012366872280836105, -0.032773178070783615, 0.03683582320809364, 0.0011989644262939692, -0.06809359043836594, -0.0505826510488987, -0.03543386608362198, -0.0061982423067092896, 0.010362493805587292, -0.010891408659517765, 0.004329719115048647, 0.028714703395962715, 0.034917015582323074, 0.006584343500435352, 0.034402839839458466, 0.028326228260993958, 0.02288009226322174, 0.015873009338974953, -0.0007872638525441289, -0.06934523582458496, 0.015571676194667816, -0.0011408427963033319, -0.07732945680618286, 0.026234861463308334, 0.021273929625749588, -0.03930789232254028, -0.027490079402923584, -0.000763807853218168, 0.04196029528975487, -0.05176565796136856, 0.041167356073856354, 0.0219127107411623, 0.010200640186667442, 0.06526058167219162, 0.010877827182412148, 0.034493058919906616, 0.020825868472456932, 0.01958904229104519, 0.004708488006144762, -0.018613552674651146, 0.0043538459576666355, 0.018040766939520836, 0.06264180690050125, 0.04685346037149429, 0.01733912155032158, -0.01606305129826069, 0.025510840117931366, -0.03576193004846573, 0.001976344734430313, -0.03953968733549118, 0.02027466520667076, 0.04275515303015709, -0.02724815346300602, -0.027159813791513443, -0.014349912293255329, -0.018437625840306282, -0.005960568320006132, 0.0016406059730798006, -0.01941305212676525, 0.017298586666584015, -0.005831786897033453, 1.9088382032350637e-05, -0.038574837148189545, -0.01321315485984087, -0.0003931696992367506, -0.0011218925938010216, 0.0076953209936618805, 0.06190263107419014, -0.04643503203988075, 0.03494911268353462, 0.017523523420095444, 0.017147332429885864, -0.015713579952716827, 0.0056092943996191025, -0.055291082710027695, 0.009892229922115803, 0.048607900738716125, 0.030855229124426842, 0.0203383881598711, -0.041249342262744904, 0.007712897378951311, 0.002526357304304838, 0.02322649024426937, -0.027941690757870674, 0.008168447762727737, -0.02291807532310486, -0.05408613756299019, 0.016983050853013992, 0.014222114346921444, 0.02640916407108307, 0.013323702849447727, -0.030927153304219246, -0.010563367046415806, 0.008466692641377449, -0.005788696929812431, -0.018183814361691475, 0.012957052327692509, 0.03258787840604782, -0.00974354986101389, -0.04436701908707619, 0.0002082297287415713]"
1,"好的，以下是根据你提供的信息生成的社区报告：

# 醇贤亲王载沣与醇王府

## 一、醇贤亲王载沣
1. **人物简介**：醇贤亲王载沣，是光绪帝的弟弟，宣统帝的生父。他是清朝末年的一位重要政治人物，曾在光绪年间担任军机大臣和海军大臣等职务。
2. **关键特征**：
    - 政治地位：作为光绪帝的弟弟，载沣在清朝末年拥有很高的政治地位。
    - 家庭背景：他出生于醇王府，这是清朝的一个重要王府，为他的政治生涯提供了一定的支持。
    - 教育背景：载沣接受了良好的教育，这使他具备了一定的政治才能和文化素养。
3. **关联解释**：
    - 家庭关系：载沣与光绪帝是兄弟关系，与宣统帝是父子关系。这种家庭关系对他的政治生涯产生了一定的影响。
    - 政治地位：作为光绪帝的弟弟，载沣在光绪年间担任了军机大臣和海军大臣等职务，这使他在清朝末年的政治舞台上扮演了重要角色。
    - 教育背景：载沣接受了良好的教育，这使他具备了一定的政治才能和文化素养。这种教育背景为他在政治生涯中的表现提供了一定的支持。

## 二、醇王府
1. **王府变迁**：
    - 第一代醇王府：位于宣武门内的太平湖东岸，是载沣的父亲奕譞的府邸。
    - 第二代醇王府：在光绪年间，醇王府迁至什刹海后海北沿的新府邸。
    - 第三代醇王府：1949 年以后，醇王府成为国家宗教事务局的办公地点。
2. **关键特征**：
    - 地理位置：醇王府曾占据过三个不同的地理位置，分别位于北京的宣武门内、什刹海和后海。
    - 建筑风格：醇王府的建筑风格具有浓郁的中国传统特色，同时也融入了一些西方的建筑元素。
    - 历史变迁：醇王府曾经历过多次变迁，这反映了清朝末年和民国时期的政治和社会变迁","[0.0195251926779747, -0.008907507173717022, -0.010192478075623512, -0.034892693161964417, 0.02536069042980671, -0.05443977192044258, -0.01821211352944374, 0.06631193310022354, 0.08125035464763641, -0.009693755768239498, 0.05871663615107536, 0.03623586148023605, -0.03999997675418854, 0.02362864464521408, -0.04558778554201126, 0.03012837842106819, -0.008600394241511822, 0.046894073486328125, 0.003581750439479947, -0.0002751858264673501, 0.02830219641327858, -0.006340928375720978, -0.019835349172353745, -0.024424564093351364, -0.011248269118368626, -0.02679705247282982, -0.016629748046398163, -0.02873978391289711, -0.02713945135474205, -0.025381388142704964, 0.015585048124194145, -0.009260225109755993, -0.03936031460762024, -0.01849694550037384, -0.015581880696117878, 0.033224061131477356, 0.029584290459752083, 0.02989048883318901, -0.02486744336783886, 0.018282584846019745, -0.0036689627449959517, 0.04672466963529587, -0.004088597372174263, -0.03214108571410179, -0.019163306802511215, 0.02067525126039982, 0.05523325502872467, -0.006097758654505014, -0.00010758412099676207, 0.04771636053919792, 0.05567002296447754, 0.011283714324235916, -0.005708399228751659, -0.0032357133459299803, -0.032587673515081406, 0.03947293758392334, -0.04471132904291153, 0.0051505775190889835, -0.017734713852405548, 0.021028541028499603, -0.03985287994146347, -0.016956541687250137, 0.01657046005129814, -0.024409594014286995, -0.04138053208589554, 0.036192961037158966, 0.040581829845905304, 0.011079369112849236, -0.034979455173015594, 0.05839572101831436, -0.02147907204926014, 0.01197897084057331, -0.00202695420011878, -0.01746293157339096, -0.006411055568605661, -0.010615011677145958, 0.038839470595121384, -0.013240383937954903, 0.013066401705145836, 0.0009844227461144328, 0.06902676075696945, -0.03767829015851021, 0.05286175012588501, -0.005893089342862368, 0.04106532037258148, 0.021038727834820747, 0.017739787697792053, 0.029803773388266563, 0.03151104226708412, 0.03550858795642853, -0.008226054720580578, 0.05770521238446236, 0.02204843796789646, 0.015262211672961712, 0.003653750754892826, 0.018071776255965233, 0.047611307352781296, 0.041901037096977234, -0.0293332077562809, -0.0008446447318419814, -0.012006633915007114, -0.031001046299934387, 0.021472638472914696, -0.02335026115179062, -0.04138809069991112, -0.010038371197879314, -0.004874370526522398, 0.03559166565537453, 0.0026239461731165648, 0.008154754526913166, 0.06991312652826309, 0.014622470363974571, 0.01777672953903675, -0.03827425837516785, -0.042657386511564255, -0.0053053987212479115, 0.02884637750685215, -0.02485005557537079, -0.020924821496009827, 0.023482413962483406, 0.029552800580859184, 0.018457679077982903, 0.0044629680924117565, -0.04640764743089676, 0.04387491196393967, 0.002176587702706456, 0.011340420693159103, 0.008992696180939674, -0.0033890751656144857, 0.02513926289975643, 0.012000487186014652, 0.031426601111888885, -0.024620825424790382, -0.018447764217853546, -0.03295869380235672, -0.02753561921417713, -0.05420970916748047, -0.011769535019993782, -0.004558187909424305, -0.005318556446582079, 0.011245304718613625, 0.04298790171742439, 0.04257204383611679, -0.05281663313508034, -0.027280040085315704, -0.046683769673109055, -0.020376158878207207, 0.022559303790330887, -0.033850859850645065, -0.025941042229533195, -0.01398944016546011, -0.02382148988544941, 0.006070602685213089, 0.021373512223362923, 0.013581126928329468, -0.04791799187660217, 0.017696987837553024, 0.045964211225509644, 0.018276618793606758, -0.009347569197416306, -0.030443212017416954, -0.04507359117269516, -0.008181688375771046, -0.02381058596074581, 0.012178819626569748, -0.025754494592547417, 0.02214343473315239, 0.021467426791787148, -0.005577518604695797, -0.018816202878952026, -0.01849769614636898, -0.04738498479127884, 0.03548317775130272, -0.03377482295036316, -0.008784100413322449, 0.010183432139456272, 0.008792363107204437, 0.023610901087522507, 0.017425747588276863, -0.013762282207608223, -0.012284374795854092, 0.046887680888175964, 0.06427572667598724, 0.010076175443828106, -0.009402583353221416, 0.029267750680446625, 0.016017001122236252, 0.024358857423067093, 0.013964561745524406, 0.04907212406396866, 0.02433708682656288, -0.023566316813230515, -0.030376141890883446, 0.039444129914045334, -0.02070920355618, 0.07851309329271317, 0.004722632002085447, 0.03995252028107643, -0.007646970916539431, -0.03147317096590996, -0.02147669717669487, 0.0013639576500281692, -0.04515744373202324, 0.03049868531525135, 0.021126484498381615, -0.01789146475493908, -0.05021611228585243, -0.031122321262955666, 0.03000837005674839, -0.07115249335765839, -0.06127624213695526, -0.011468598619103432, -0.0008222615579143167, 0.02442888729274273, -0.014893582090735435, -0.04452743008732796, -0.04045052081346512, -0.027602415531873703, 0.02385919727385044, 0.00985230877995491, 0.0047923061065375805, 0.06130169704556465, 0.02127351611852646, 0.026509135961532593, 0.030661998316645622, 0.03664656728506088, -0.006787442602217197, 0.010180735029280186, 0.03100782260298729, 0.02312077395617962, 0.003324072575196624, 0.016171302646398544, -0.030734919011592865, -0.014483497478067875, 0.004659115802496672, 0.0012668244307860732, -0.0578058660030365, 0.00872163474559784, 0.05120624229311943, 0.009846155531704426, -0.05963626131415367, -0.0015775386709719896, 0.011398936621844769, -0.026891078799962997, -0.008615943603217602, -0.004735064227133989, -0.0019359313882887363, 0.0015279329381883144, 0.02322274260222912, -0.037908829748630524, 0.029829470440745354, 0.02506459876894951, -0.029796861112117767, -0.020927201956510544, 0.06413498520851135, 0.01704411767423153, -0.006528819911181927, 0.001141801243647933, -0.01991252601146698, -0.024623073637485504, 0.019643668085336685, -0.004175352398306131, -0.026989877223968506, 0.01657320186495781, 0.011156834661960602, -0.006940953433513641, -0.01145947352051735, 0.011857393197715282, -0.026937952265143394, -0.05619838461279869, -0.0339290015399456, -0.051738034933805466, -0.03366401046514511, -0.024832425639033318, -0.002488840138539672, 0.025120466947555542, -0.047221310436725616, -0.032473690807819366, -0.014034603722393513, 0.0024375582579523325, 0.009527569636702538, -0.047502342611551285, 0.012866564095020294, -0.02908392623066902, -0.010082018561661243, -0.04508146643638611, 0.01705586165189743, -0.033679936081171036, 0.015477554872632027, 0.03326757997274399, 0.03919735550880432, -0.023305952548980713, 0.07921525835990906, 0.005257542245090008, -0.018971115350723267, 0.012191448360681534, -0.028149671852588654, -0.09655074030160904, -0.043417107313871384, 0.004737850744277239, -0.005034038331359625, -0.05656559020280838, 0.03664635866880417, 0.030852967873215675, -0.07485997676849365, -0.024433324113488197, -0.010775551199913025, -0.02959805354475975, -0.06461154669523239, 0.022377394139766693, 0.06064172834157944, 0.05520855635404587, -0.005679174792021513, -0.032581135630607605, -0.02652747929096222, -0.027630437165498734, -0.03773939609527588, 0.007542968727648258, -0.03730442374944687, 0.03717830032110214, -0.004200314171612263, -0.04914825037121773, -0.03413623198866844, 0.020440692082047462, 0.04053015261888504, 0.014310099184513092, 0.020207984372973442, -0.013419078662991524, 0.013237514533102512, -0.024280617013573647, 0.02192935161292553, -0.013248768635094166, -0.02025097794830799, 0.031403012573719025, -0.03222433105111122, 0.01939673162996769, -0.04084637016057968, 0.018899906426668167, 0.04633820429444313, -0.00953251775354147, 0.010538918897509575, -0.027725936844944954, -0.04426511004567146, -0.0034491310361772776, -0.006950299255549908, -0.00680431118234992, 0.03499853238463402, -0.00912205409258604, 0.04101233929395676, 0.00010585792188066989, 0.0035727419890463352, -0.023793460801243782, 0.015905721113085747, 0.002348255831748247, -0.003615929977968335, 0.047618359327316284, 0.004147224593907595, -0.04346359521150589, 0.004979252815246582, 0.005707769654691219, 0.017499933019280434, -0.015109486877918243, 0.05548911541700363, -0.006699114106595516, -0.01269588340073824, -0.013975120149552822, 0.01497289165854454, -0.04153754934668541, -0.05274945870041847, -0.02574409544467926, 0.028863780200481415, -0.005399246234446764, 0.0008696200675331056, 0.022737305611371994, -0.009793490171432495, -0.0029491749592125416, -0.07670210301876068, -0.015695368871092796, 0.009301997721195221, -0.016989456489682198, -0.0183151476085186, -0.01301282737404108, -0.011384334415197372, -0.04065150022506714, -0.02141490951180458, -0.04981452226638794, 0.20060332119464874, 0.02863878756761551, 0.0628240779042244, -0.057205382734537125, -0.008181823417544365, -0.003827156964689493, 0.0009846747852861881, 0.018794825300574303, 0.02222532592713833, 0.040210168808698654, -0.04508603364229202, 0.03533058241009712, 0.012029494158923626, -0.012779753655195236, 0.03503942862153053, 0.046931806951761246, 0.03463634476065636, 0.019845040515065193, 0.01579049974679947, 0.010229885578155518, 0.050910066813230515, -0.0430968813598156, 0.0030379199888557196, 0.007565165404230356, -0.0166933611035347, -0.029451247304677963, 0.0007396587752737105, 0.028861524537205696, -0.01496516726911068, 0.007900673896074295, -0.0214688777923584, 0.028781548142433167, -0.03661723807454109, -0.01230687741190195, -0.005703931208699942, 0.00423702085390687, -7.501457730541006e-05, 0.028337538242340088, 0.0475936196744442, -0.012535021640360355, -0.031768567860126495, -0.024272935464978218, -0.008395446464419365, -0.010245981626212597, -0.02275633066892624, 0.022140376269817352, 0.01386601198464632, 0.01818476803600788, -0.0020849991124123335, 0.009068788960576057, 0.005373683758080006, 0.03521197289228439, -0.017208281904459, -0.05297431722283363, -0.03770926594734192, -0.05087168514728546, -0.04139319062232971, -0.044291190803050995, -0.0222704466432333, 0.009023215621709824, 0.04666612669825554, -0.0009184289374388754, 0.005676605738699436, -0.0265625212341547, 0.05169994384050369, 0.03742387518286705, 0.03356598690152168, -0.06637663394212723, -0.03077881969511509, 0.002713420195505023, -0.04829882085323334, -0.03705650940537453, -0.034656159579753876, 0.02686946839094162, 0.014773833565413952, -0.028699595481157303, -0.04004814848303795, 0.03417640179395676, 0.02523546852171421, -0.012383664958178997, 0.020482409745454788, -0.03102315217256546, -0.02932477369904518, 0.01128440909087658, 0.04634213075041771, 0.010391528718173504, 0.022531161084771156, 0.03317024186253548, -0.07215313613414764, 0.02742823213338852, 0.004234971944242716, 0.0505809523165226, -0.027587100863456726, 0.04104440286755562, 0.017275182530283928, -0.054142531007528305, -0.0038015099707990885, 0.03499315306544304, -0.03607846423983574, -0.026641080155968666, -0.023852722719311714, -0.02285338006913662, -0.02829432301223278, -0.022448556497693062, -0.0012904893374070525, -0.052430301904678345, 0.019846588373184204, 0.018196774646639824, 0.009941037744283676, 0.01963919773697853, 0.03658655658364296, 0.008580204099416733, 0.017674453556537628, -0.0017199392896145582, 0.035109229385852814, 0.013898152858018875, -0.006872473284602165, -0.0394074022769928, 0.01993812806904316, 0.015092599205672741, -0.011821740306913853, 0.062278781086206436, -0.05852062627673149, 0.04420915246009827, -0.02119545079767704, 0.07828594744205475, -0.02457921952009201, -0.019906995818018913, 0.04148092493414879, 0.004879974294453859, -0.012186488136649132, -0.02515277825295925, -0.03074869140982628, 0.030962100252509117, 0.018533855676651, -0.03225242346525192, 0.08274201303720474, -0.02128194458782673, -0.04612592235207558, 0.02781909517943859, -0.020083734765648842, 0.029408643022179604, -0.032599758356809616, 0.02818344347178936, 0.008042177185416222, -0.00630171736702323, -0.018895860761404037, -0.02809443138539791, -0.01763293519616127, -0.01650087907910347, 0.005285247229039669, 0.003654130268841982, 0.008869537152349949, 0.019550716504454613, -0.015770358964800835, -0.025040240958333015, 0.029811155050992966, -0.005970553960651159, 0.04613872990012169, -0.032451082020998, -0.026586059480905533, -0.019701344892382622, 0.016782324761152267, 0.09244083613157272, 0.04658780246973038, 0.07097787410020828, -0.03923994302749634, 0.01589544303715229, 0.028725871816277504, 0.018893344327807426, -0.0470791757106781, -0.037136465311050415, 0.017948610708117485, 0.027780868113040924, 0.02906431071460247, -0.0015902107115834951, -0.00789047870784998, 0.04995587840676308, -0.01789211481809616, 0.01838795095682144, -0.027929501608014107, 0.014782870188355446, 0.03983047232031822, -0.0043363445438444614, -0.005624658893793821, 0.036062050610780716, -0.015988050028681755, -0.06489528715610504, -0.033729515969753265, 0.021106187254190445, -0.03661734238266945, 0.10872545838356018, -0.031004905700683594, -0.00396183505654335, -0.027858862653374672, 0.003295104019343853, 0.024228304624557495, 0.03856337442994118, 0.004181054420769215, -0.0075813522562384605, -0.022247906774282455, -0.03951752558350563, 0.004796694032847881, -0.0009295972413383424, -0.00866229459643364, -0.04168601334095001, 0.009171169251203537, 0.017817117273807526, 0.009326893836259842, -0.007358213886618614, 0.011921281926333904, -0.0537225715816021, 0.022456292062997818, -0.01361233089119196, 0.02328295074403286, 0.01424433384090662, 0.010559306479990482, 0.06042025238275528, -0.02057507075369358, -0.029128268361091614, 0.04384910315275192, 0.007026289589703083, 0.001299360883422196, -0.04438212513923645, -0.03333442285656929, -0.06130635738372803, 0.026588093489408493, 0.024091476574540138, -0.02203320898115635, -0.05449703335762024, 0.011564492247998714, -0.010974117554724216, -0.00730328680947423, -0.028862811625003815, -0.04079451784491539, -0.001768399029970169, 0.0538959875702858, -0.0035975815262645483, 0.01591375097632408, -0.02704598940908909, 0.05458521470427513, -0.015166116878390312, 0.03370615467429161, -0.03525407239794731, 0.0018807064043357968, 0.07231873273849487, -0.05543569475412369, 0.005310417152941227, 0.03372165933251381, 0.0024226754903793335, 0.017088238149881363, -0.03426768630743027, 0.01181846670806408, 0.09485353529453278, -0.007742579095065594, -0.012527837418019772, -0.015266898088157177, -0.012833465822041035, -0.00465318514034152, -0.046279098838567734, 0.0024355114437639713, -0.004431900102645159, -0.010147174820303917, 0.012164688669145107, -0.01650857925415039, 0.029133109375834465, 0.029399489983916283, -0.020182667300105095, -0.013116450048983097, -0.018348006531596184, 0.03318597003817558, -0.01320087630301714, -0.02816939353942871, -0.043248653411865234, 0.011084746569395065, 0.0375157929956913, -0.041421372443437576, -0.04015141353011131, -0.04586901143193245, -0.044850122183561325, -0.009999468922615051, 0.032820768654346466, 0.020857080817222595, 0.008430910296738148, 0.028425103053450584, 0.018898868933320045, -0.00610395846888423, 0.010708793997764587, -0.008770105428993702, -0.012671423144638538, -0.017144253477454185, 0.03063754364848137, 0.008233441971242428, 0.01607869751751423, -0.021280774846673012, -0.03911465406417847, -0.050042472779750824, -0.05530128255486488, -0.013370309956371784, -0.032962314784526825, 0.0129551338031888, -0.01507639605551958, -0.0622134804725647, -0.03602815046906471, -0.0010022843489423394, 0.032312773168087006, -0.027752283960580826, -0.018901005387306213, 0.022033613175153732, 0.031034497544169426, -0.015414563938975334, -0.05085481330752373, 0.015649117529392242, 0.013189459219574928, 0.0001693861122475937, -0.003045671619474888, 0.025411058217287064, -0.0006618724437430501, -0.06487659364938736, 0.05301213264465332, -0.029046664014458656, -0.005468289367854595, -0.023137841373682022, -0.024490414187312126, -0.004765491466969252, -0.0026485640555620193, 0.034578368067741394, 0.032516419887542725, 0.02425243891775608, 0.02340998500585556, -0.006327551789581776, 0.01212643925100565, -0.0367075651884079, -0.022452425211668015, -0.03150057792663574, -0.012490098364651203, -0.03381052613258362, -0.04441816359758377, -0.012562456540763378, -0.05486515164375305, -0.03512047603726387, 0.026335449889302254, 0.031188316643238068, -0.019819267094135284, 0.03670940548181534, -0.02847794070839882, 0.008713207207620144, 0.027715357020497322, -0.034628406167030334, 0.0006230709259398282, -0.038989271968603134, 0.0522565133869648, -0.016266202554106712, -0.009229585528373718, -0.02839433215558529, 0.0744573175907135, -0.026061374694108963, 0.028741052374243736, 0.0055548385716974735, -0.02514476142823696, -0.028652740642428398, 0.004976717289537191, 0.02038063108921051, -0.010399000719189644, -0.0031867679208517075, 0.02720973640680313, -0.022451084107160568, 0.06813374161720276, -0.03892200067639351, 0.029137376695871353, -0.029381806030869484, 0.0006033341633155942, -0.030399173498153687, 0.012179470621049404, -0.02198033593595028, 0.04586763307452202, -0.022533200681209564, -0.011711838655173779, 0.016607986763119698, 0.01472525391727686, -0.009772024117410183, -0.06368891894817352, -0.002554163569584489, 0.0307429451495409, 0.012520757503807545, -0.022915897890925407, 0.007041983772069216, 0.008043693378567696, 0.021693715825676918, 0.03122413158416748, -0.0192971583455801, 0.060790251940488815, -0.014731780625879765, -0.023058582097291946, -0.07837648689746857, 0.002312440425157547, 0.015575244091451168, -0.029603909701108932, -0.051416024565696716, 0.002015880309045315, -0.03150561451911926, 0.017186082899570465, 0.019266439601778984, -0.01561058685183525, 0.001168472459539771, 0.002290918957442045, 0.03262030705809593, -0.003546606982126832, -0.006057719700038433, 0.034064654260873795, 0.03241875395178795, -0.007373997941613197, 0.011075006797909737, 0.009932858869433403, 0.008981210179626942, -0.0320059135556221, 0.003358585061505437, -0.0018574005225673318, 0.036743566393852234, 0.031491950154304504, 0.03733377158641815, 0.03359249234199524, -0.030749529600143433, -0.07348435372114182, -0.013127055019140244, 0.005427676718682051, -0.00920768640935421, 0.014108388684689999, -0.005693723447620869, 0.034702982753515244, 0.0004805025819223374, -0.0044579291716217995, 0.00494192773476243, 0.01827232353389263, -0.04288949444890022, 0.02924351394176483, -0.0178948026150465, 0.012207177467644215, -0.006717315409332514, 0.021600520238280296, 0.019030077382922173, -0.04304204136133194, -0.0009089638479053974, -0.06381777673959732, -0.038179364055395126, -0.0027660969644784927, 0.052918292582035065, 0.023264633491635323, 0.01660251058638096, 0.04102372005581856, 0.014859596267342567, -0.025693379342556, 0.025314731523394585, 0.0661451444029808, 0.017723705619573593, 0.00030098037677817047, -0.020060691982507706, -0.01831929385662079, -0.042643558233976364, -0.02093176357448101, -0.0633169487118721, 0.027194803580641747, -0.035279709845781326, 0.037498340010643005, 0.008824901655316353, -0.047921162098646164, 0.018344635143876076, 0.01193308923393488, 0.04222754389047623, -0.04099896177649498, 0.004994402639567852, 0.012261059135198593, 0.0267004556953907, -0.009740177541971207, -0.03117980994284153, -0.03492242470383644, 0.02644839882850647, 0.0029060496017336845, -0.026362348347902298, 0.009716099128127098, 0.019712116569280624, -0.032336317002773285, -0.03029913455247879, 0.01603761315345764, -0.02124219387769699, 0.031057875603437424, 0.006107456516474485, -0.06491968035697937, -0.015287987887859344, -0.001360963680781424, -0.03725455701351166, -0.03750495985150337, 0.01680288091301918, -0.010474148206412792, -0.019911404699087143, -0.011791017837822437, -0.015248284675180912, -0.026472385972738266, 0.02873872220516205, 0.036660078912973404, 0.048529453575611115, -0.0061956001445651054, 0.03897153213620186, -0.042462240904569626, -0.041099198162555695, -0.0062984623946249485, -0.015674224123358727, -0.007611806038767099, -0.045896001160144806, 0.025137847289443016, 0.006704634986817837, 0.01215994544327259, -0.04629659652709961, -0.003473995951935649, -0.05124066397547722, -0.04968965798616409, 0.03455658257007599, -0.023622024804353714, 0.014336125925183296, -0.016484640538692474, 0.02172330766916275, -0.034220144152641296, -0.01216807495802641, -0.02524751052260399, 0.044955331832170486, -0.04773896932601929, 0.01022412721067667, 0.01633809693157673, -0.025897853076457977, -0.016685577109456062, 0.00021196232410147786, 0.08963404595851898, 0.013075588271021843, 0.02735048718750477, -0.006266883108764887, -0.04949648678302765, -0.014676280319690704, -0.0025832790415734053, -0.024127325043082237, 0.02905290760099888, -0.0036678819451481104, -0.05975731834769249, -0.03778368979692459, -0.020784558728337288, 0.01093644741922617, 0.003726489841938019, -0.04261316731572151, 0.018825814127922058, 0.01967007853090763, 0.05556913837790489, 0.00794974248856306, -0.0048748282715678215, 0.013648547232151031, 0.005679949652403593, 0.011629574000835419, -0.01617341861128807, -0.057021353393793106, 0.02444351837038994, -0.019348448142409325, -0.08197525888681412, 0.01751600205898285, 0.0190355833619833, -0.04019462689757347, -0.02126663364470005, 0.01992047019302845, 0.04798215255141258, -0.051430679857730865, 0.029791804030537605, 0.015475328080356121, 0.008782323449850082, 0.05753573402762413, -0.005158751737326384, 0.027538398280739784, 0.03676031529903412, 0.015310490503907204, -0.0061857388354837894, -0.0031559683848172426, 0.007423912640661001, 0.032190706580877304, 0.05333511903882027, 0.026534399017691612, 0.03773108869791031, -0.03246808052062988, 0.04412646219134331, -0.05366971716284752, -0.00967161264270544, -0.026584723964333534, 0.04391273856163025, 0.05792531743645668, -0.024068262428045273, -0.014177747070789337, 0.0149362338706851, -0.0019285771995782852, -0.00020593040972016752, 0.017473462969064713, -0.01716022379696369, 0.015767470002174377, -0.023110300302505493, -0.02344338223338127, -0.024711377918720245, -0.003110793884843588, -0.020315540954470634, -0.006894018966704607, 0.007747132796794176, 0.06128961965441704, -0.029672088101506233, 0.01443217508494854, 0.03321807458996773, 0.0023404820822179317, -0.008045827969908714, 0.018474368378520012, -0.042864639312028885, 0.017563262954354286, 0.0053333379328250885, 0.034545332193374634, 0.03058641403913498, -0.022119048982858658, 0.02166564017534256, -0.007403770927339792, 0.01792779378592968, -0.030615754425525665, 0.029246686026453972, -0.01004592515528202, -0.052106793969869614, -0.0058857291005551815, 0.0368032306432724, 0.034584153443574905, -0.000296431768219918, -0.027505284175276756, -0.0458708181977272, -0.0027387430891394615, -0.005848758388310671, -0.030285930261015892, 0.012919309549033642, 0.023885376751422882, -0.010387343354523182, -0.04479449242353439, 0.004133426584303379]"
